date,cbp_intake,cbp_custody,cbp_transfers,hhs_care,hhs_discharges,transfer_efficiency,discharge_effectiveness,pipeline_throughput,total_active_load,report_to_report_load_change,load_change_rate,year,month,day_of_week,is_weekend,transfer_eff_7obs,discharge_eff_7obs,outcome_stability_score,bottleneck_score,bottleneck_level
2023-01-12,33.0,53.0,34.0,6566,436.0,64.15094339622641,6.640268047517514,1321.2121212121212,6619.0,,,2023,2023-01,Thursday,False,,,,38.604166666666664,Low
2023-01-22,32.0,49.0,39.0,7122,227.0,79.59183673469387,3.1873069362538615,709.375,7171.0,552.0,8.339628342649947,2023,2023-01,Sunday,True,,,,47.604137691237824,Low
2023-01-23,32.0,50.0,39.0,7280,181.0,78.0,2.4862637362637363,565.625,7330.0,159.0,2.2172639799191187,2023,2023-01,Monday,False,73.91426004364008,4.10461290667837,31.019858241408713,55.58882900633596,Moderate
2023-01-24,47.0,42.0,47.0,7433,175.0,111.90476190476191,2.3543656666218213,372.3404255319149,7475.0,145.0,1.9781718963165076,2023,2023-01,Tuesday,False,83.41188550892055,3.6670510966642333,33.1612192472168,48.65095232576109,Low
2023-01-25,20.0,22.0,41.0,7538,180.0,186.36363636363635,2.387901300079597,900.0,7560.0,85.0,1.1371237458193981,2023,2023-01,Wednesday,False,104.0022356798637,3.411221137347306,35.24995731023844,44.91993123164889,Low
2023-01-29,23.0,45.0,11.0,7472,303.0,24.444444444444443,4.055139186295503,1317.3913043478262,7517.0,-43.0,-0.5687830687830688,2023,2023-01,Sunday,True,90.74260380729383,3.518540812172006,37.53956998853333,48.3555188533457,Low
2023-01-30,34.0,54.0,29.0,7743,196.0,53.70370370370371,2.5313186103577427,576.4705882352941,7797.0,280.0,3.724890248769456,2023,2023-01,Monday,False,85.45133236392381,3.3775090690556824,39.00084517800154,68.3574070854582,Critical
2023-01-31,26.0,36.0,36.0,7803,158.0,100.0,2.0248622324746894,607.6923076923076,7839.0,42.0,0.5386687187379762,2023,2023-01,Tuesday,False,90.57262616446289,2.7181653811924216,59.33421860890534,50.75771712254675,Low
2023-02-01,25.0,32.0,27.0,7903,231.0,84.375,2.9229406554472983,924.0,7935.0,96.0,1.2246460007654039,2023,2023-02,Wednesday,False,91.25593520236376,2.680398769648627,60.164974112416324,48.93419680111266,Low
2023-02-02,15.0,13.0,23.0,7879,298.0,176.9230769230769,3.782205863688285,1986.6666666666667,7892.0,-43.0,-0.5419029615626969,2023,2023-02,Thursday,False,105.38780333423189,2.865533359280705,56.46543810712641,24.980518853345696,Low
2023-02-05,16.0,18.0,15.0,7586,342.0,83.33333333333334,4.508304771948326,2137.5,7604.0,-288.0,-3.649265078560568,2023,2023-02,Sunday,True,101.30617068117068,3.1732389457559202,51.453396562655705,27.80690774223459,Low
2023-02-06,11.0,22.0,12.0,7720,196.0,54.54545454545454,2.5388601036269427,1781.8181818181818,7742.0,138.0,1.8148342977380327,2023,2023-02,Monday,False,82.47500185000185,3.1948044891198264,51.972629186858406,66.35569753515685,Critical
2023-02-07,16.0,20.0,20.0,7855,200.0,100.0,2.546148949713558,1250.0,7875.0,133.0,1.7179023508137432,2023,2023-02,Tuesday,False,93.26865264365264,2.979234455322406,53.648180606552735,49.85208043579045,Low
2023-02-08,93.0,196.0,169.0,7915,317.0,86.22448979591837,4.005053695514845,340.86021505376345,8111.0,236.0,2.996825396825397,2023,2023-02,Wednesday,False,97.91447922825475,3.1897680389162772,52.22679498385634,42.534287590789674,Low
2023-02-09,124.0,234.0,161.0,7908,353.0,68.80341880341881,4.463834092058675,284.6774193548387,8142.0,31.0,0.3821970163974849,2023,2023-02,Thursday,False,93.45782477160029,3.5381925902854183,53.765730639270664,45.13216658939885,Low
2023-02-12,92.0,203.0,173.0,7434,317.0,85.22167487684729,4.264191552327146,344.5652173913044,7637.0,-505.0,-6.202407270940801,2023,2023-02,Sunday,True,93.57877832543561,3.729799861268254,54.073178514173925,27.935379964456807,Low
2023-02-13,186.0,259.0,172.0,7483,244.0,66.40926640926641,3.2607243084324473,131.18279569892474,7742.0,105.0,1.374885426214482,2023,2023-02,Monday,False,77.79109110917696,3.6553024962317058,53.57115678049547,53.58385006181424,Moderate
2023-02-14,154.0,225.0,220.0,7794,223.0,97.77777777777777,2.861175263022838,144.80519480519482,8019.0,277.0,3.577886850942909,2023,2023-02,Tuesday,False,79.85458317266902,3.4199982806709213,54.98249649128795,48.43029477669602,Low
2023-02-15,91.0,199.0,172.0,7869,290.0,86.4321608040201,3.6853475663997965,318.68131868131866,8068.0,49.0,0.6110487591969073,2023,2023-02,Wednesday,False,84.40982692389267,3.5837822039241867,58.06913171519006,40.03235589553392,Low
2023-02-16,81.0,213.0,153.0,7793,361.0,71.83098591549296,4.632362376491724,445.67901234567904,8006.0,-62.0,-0.7684680218145761,2023,2023-02,Thursday,False,80.38568205467739,3.881812693463924,60.631864220369756,35.3555188533457,Low
2023-02-20,209.0,285.0,184.0,7817,209.0,64.56140350877193,2.673659971856211,100.0,8102.0,96.0,1.1991006744941295,2023,2023-02,Monday,False,77.2909554422279,3.6916135900841196,55.94470831794307,63.35780791222378,High
2023-02-21,184.0,314.0,217.0,7967,213.0,69.10828025477707,2.673528304255052,115.76086956521738,8281.0,179.0,2.209331029375463,2023,2023-02,Tuesday,False,77.33450707813621,3.435855620397888,56.00350259311299,63.21092180497605,High
2023-02-22,107.0,215.0,230.0,7978,232.0,106.9767441860465,2.90799699172725,216.82242990654203,8193.0,-88.0,-1.0626735901461177,2023,2023-02,Wednesday,False,80.44237412230754,3.242113540312188,58.44677470978707,36.16454663112348,Low
2023-02-23,101.0,162.0,178.0,7914,386.0,109.87654320987654,4.877432398281526,382.17821782178214,8076.0,-117.0,-1.4280483339436105,2023,2023-02,Thursday,False,86.65198509382328,3.4730718388620567,51.47193989551773,23.831213297790143,Low
2023-02-26,99.0,190.0,176.0,7609,323.0,92.63157894736842,4.244973058220528,326.26262626262627,7799.0,-277.0,-3.4299157999009413,2023,2023-02,Sunday,True,85.9168138323362,3.6707572381760123,51.59463552657776,26.82079663112348,Low
2023-02-27,167.0,239.0,166.0,7800,248.0,69.4560669456067,3.1794871794871797,148.50299401197603,8039.0,240.0,3.077317604821131,2023,2023-02,Monday,False,83.49165756684859,3.5984914686170666,51.1199179656432,56.089872121774064,Moderate
2023-02-28,115.0,216.0,169.0,7896,200.0,78.24074074074075,2.532928064842958,173.91304347826087,8112.0,73.0,0.9080731434257993,2023,2023-02,Tuesday,False,84.40733682759829,3.2985722812386724,52.47198920053417,56.26291338278473,Moderate
2023-03-01,84.0,158.0,193.0,7930,307.0,122.15189873417722,3.871374527112232,365.4761904761905,8088.0,-24.0,-0.2958579881656805,2023,2023-03,Wednesday,False,92.63455043122761,3.4696743605609606,53.16775660325037,26.345102186679032,Low
2023-03-02,130.0,227.0,192.0,7870,335.0,84.58149779735683,4.256670902160101,257.69230769230774,8097.0,9.0,0.11127596439169139,2023,2023-03,Thursday,False,94.84501008016755,3.6958375888331108,54.20464966319774,35.57720020089631,Low
2023-03-07,88.0,214.0,160.0,7859,259.0,74.76635514018692,3.295584679984731,294.3181818181818,8073.0,-24.0,-0.29640607632456467,2023,2023-03,Tuesday,False,90.24352593075905,3.75120725858418,55.68225613716092,40.94579663112347,Low
2023-03-08,113.0,208.0,159.0,7885,291.0,76.4423076923077,3.690551680405834,257.5221238938053,8093.0,20.0,0.24773937817416078,2023,2023-03,Wednesday,False,85.46720657110635,3.581652870316223,61.58354406036284,43.798065407201356,Low
2023-03-09,174.0,285.0,150.0,7786,340.0,52.63157894736842,4.366812227074235,195.4022988505747,8071.0,-22.0,-0.27183986160879775,2023,2023-03,Thursday,False,79.75292085682065,3.5990584658667535,60.7281234713859,44.26524107556792,Low
2023-03-13,104.0,230.0,206.0,7567,249.0,89.56521739130436,3.2906039381525045,239.4230769230769,7797.0,-274.0,-3.3948705240986246,2023,2023-03,Monday,False,82.62565663477744,3.614932288533228,61.12684014641957,32.89371329779014,Low
2023-03-14,147.0,276.0,214.0,7810,181.0,77.53623188405797,2.317541613316261,123.12925170068027,8086.0,289.0,3.706553802744646,2023,2023-03,Tuesday,False,82.52501251239421,3.5841627954579853,58.854873785100374,62.28110512285582,High
2023-03-15,108.0,220.0,213.0,7915,286.0,96.81818181818181,3.6133922931143396,264.81481481481484,8135.0,49.0,0.6059856542171654,2023,2023-03,Wednesday,False,78.90591009582343,3.5473081906011434,59.23664101172915,38.44902256220058,Low
2023-03-16,180.0,280.0,146.0,7989,308.0,52.142857142857146,3.855301038928527,171.11111111111111,8269.0,134.0,1.6472034419176398,2023,2023-03,Thursday,False,74.27181857375204,3.4899696387109187,61.20852276686771,58.12294274455262,Moderate
2023-03-19,134.0,294.0,186.0,7885,306.0,63.26530612244898,3.8807863031071657,228.3582089552239,8179.0,-90.0,-1.0884024670455918,2023,2023-03,Sunday,True,72.62881157121805,3.573569870585552,60.88713978139925,44.6680188533457,Low
2023-03-20,202.0,313.0,158.0,7931,279.0,50.47923322683706,3.517841381919052,138.1188118811881,8244.0,65.0,0.7947181807066878,2023,2023-03,Monday,False,68.91980093329367,3.5488969708017266,60.95870174026547,57.96712254674703,Moderate
2023-03-21,110.0,272.0,193.0,8050,221.0,70.95588235294117,2.745341614906832,200.90909090909093,8322.0,78.0,0.9461426491994178,2023,2023-03,Tuesday,False,71.53755856266122,3.3172583119206687,63.04130791281709,59.39529245866173,Moderate
2023-03-22,166.0,277.0,229.0,8097,246.0,82.67148014440433,3.038162282326788,148.19277108433735,8374.0,52.0,0.6248497957221821,2023,2023-03,Wednesday,False,70.5527389559612,3.281195218231281,62.66213394147487,49.04638966156699,Low
2023-03-23,136.0,276.0,178.0,8102,331.0,64.4927536231884,4.0854110096272525,243.38235294117646,8378.0,4.0,0.04776689754000478,2023,2023-03,Thursday,False,68.68938491869413,3.533747989132851,67.41350967645039,47.58650131355277,Low
2023-03-26,87.0,246.0,173.0,7847,352.0,70.32520325203252,4.485790748056582,404.59770114942535,8093.0,-285.0,-3.4017665313917402,2023,2023-03,Sunday,True,64.90467369495852,3.6583763398388855,62.320721940129864,37.372879964456814,Low
2023-03-27,84.0,171.0,157.0,7994,235.0,91.81286549707602,2.939704778583938,279.76190476190476,8165.0,72.0,0.8896577289015198,2023,2023-03,Monday,False,70.57181774556122,3.527576874075373,60.5299122679559,46.94675282027507,Low
2023-03-28,167.0,209.0,157.0,8079,223.0,75.11961722488039,2.760242604282708,133.5329341317365,8288.0,123.0,1.5064298836497245,2023,2023-03,Tuesday,False,72.26529076019428,3.3674992028147366,59.25947153295804,57.78591987328079,Moderate
2023-03-29,109.0,245.0,159.0,8208,267.0,64.89795918367346,3.252923976608187,244.954128440367,8453.0,165.0,1.9908301158301156,2023,2023-03,Wednesday,False,74.32510875402805,3.3296538591988987,59.342740782591534,59.894587389893374,Moderate
2023-03-30,156.0,256.0,176.0,8158,359.0,68.75,4.40058837950478,230.1282051282051,8414.0,-39.0,-0.46137465988406484,2023,2023-03,Thursday,False,74.00998270360788,3.5661176827128904,57.677966449137756,40.001352186679036,Low
2023-04-02,125.0,232.0,192.0,7981,304.0,82.75862068965517,3.8090464854028316,243.2,8213.0,-201.0,-2.388875683384835,2023,2023-04,Sunday,True,74.02243135292942,3.6762439974380396,58.88197348105723,35.0430188533457,Low
2023-04-03,118.0,139.0,168.0,8054,284.0,120.86330935251799,3.5261981624037744,240.6779661016949,8193.0,-20.0,-0.24351637647631805,2023,2023-04,Monday,False,82.07536788569078,3.596356447834686,59.690429209202705,29.16454663112347,Low
2023-04-04,142.0,235.0,139.0,8068,259.0,59.148936170212764,3.2102131879028257,182.3943661971831,8303.0,110.0,1.342609544733309,2023,2023-04,Tuesday,False,80.4787583025737,3.414131082098435,64.22396591885128,60.99721835883171,High
2023-04-05,148.0,245.0,175.0,8175,260.0,71.42857142857143,3.180428134556575,175.67567567567568,8420.0,117.0,1.4091292303986511,2023,2023-04,Wednesday,False,77.56671629278732,3.4485201329516686,65.3749722272115,55.6016458043579,Moderate
2023-04-06,119.0,219.0,210.0,8178,284.0,95.8904109589041,3.47273171924676,238.65546218487395,8397.0,-23.0,-0.27315914489311166,2023,2023-04,Thursday,False,80.53397254050499,3.5503042922322474,69.66703279591665,33.68190774223459,Low
2023-04-09,105.0,210.0,149.0,7900,329.0,70.95238095238095,4.1645569620253164,313.3333333333333,8110.0,-287.0,-3.4178873407169226,2023,2023-04,Sunday,True,81.39888993603462,3.680537575863266,68.17423116096565,38.45274107556792,Low
2023-04-10,143.0,203.0,163.0,7826,265.0,80.29556650246306,3.3861487349859445,185.3146853146853,8029.0,-81.0,-0.998766954377312,2023,2023-04,Monday,False,83.04825657924364,3.5356176266462893,74.15585915976207,37.24440774223458,Low
2023-04-11,119.0,209.0,152.0,7922,187.0,72.72727272727273,2.3605150214592276,157.14285714285714,8131.0,102.0,1.2703948187819156,2023,2023-04,Tuesday,False,81.61520687033187,3.328684560368632,65.0296614215839,62.56288633905115,High
2023-04-12,155.0,212.0,181.0,7876,283.0,85.37735849056604,3.5931945149822244,182.58064516129033,8088.0,-43.0,-0.5288402410527611,2023,2023-04,Wednesday,False,76.54578531862444,3.3382554678798395,64.83247622043491,33.845102186679036,Low
2023-04-13,109.0,214.0,173.0,7795,370.0,80.8411214953271,4.746632456703015,339.44954128440367,8009.0,-79.0,-0.97675568743818,2023,2023-04,Thursday,False,79.64466893649792,3.557743934851295,57.0692994971525,30.473574408901253,Low
2023-04-16,191.0,283.0,192.0,7380,272.0,67.84452296819788,3.685636856368564,142.40837696335078,7663.0,-346.0,-4.320139842676989,2023,2023-04,Sunday,True,79.1326620135874,3.6299166093958646,57.66891067827239,40.209685520012364,Low
2023-04-17,170.0,297.0,196.0,7344,248.0,65.993265993266,3.376906318082789,145.88235294117646,7641.0,-22.0,-0.2870938274827091,2023,2023-04,Monday,False,74.86164130421055,3.6162272663724404,57.52622891094349,43.19579663112347,Low
2023-04-18,152.0,272.0,214.0,7376,234.0,78.67647058823529,3.1724511930585684,153.94736842105263,7648.0,7.0,0.09161104567464992,2023,2023-04,Tuesday,False,75.96508268076116,3.4744978708057617,58.471849209364656,42.03164116828929,Low
2023-04-19,239.0,367.0,224.0,7356,229.0,61.03542234332425,3.11310494834149,95.81589958158996,7723.0,75.0,0.9806485355648535,2023,2023-04,Wednesday,False,73.2136335151699,3.43549161557084,58.02941933796315,56.881200741770975,Moderate
2023-04-20,113.0,280.0,237.0,7490,320.0,84.64285714285714,4.2723631508678235,283.1858407079646,7770.0,47.0,0.6085717985238897,2023,2023-04,Thursday,False,74.91585986025338,3.708612776914925,62.49307578873629,35.955822129500845,Low
2023-04-23,196.0,306.0,187.0,7534,266.0,61.111111111111114,3.5306610034510224,135.71428571428572,7840.0,70.0,0.9009009009009009,2023,2023-04,Sunday,True,71.44925309175981,3.6996794181247528,62.39697161775145,53.363173195796634,Moderate
2023-04-24,236.0,330.0,222.0,7796,213.0,67.27272727272727,2.732170343766034,90.2542372881356,8126.0,286.0,3.6479591836734695,2023,2023-04,Monday,False,69.51091105995985,3.411899116276613,67.12402509864593,63.281061659712556,High
2023-04-25,81.0,230.0,242.0,8017,202.0,105.21739130434781,2.5196457527753524,249.3827160493827,8247.0,121.0,1.4890475018459268,2023,2023-04,Tuesday,False,74.84989225083841,3.2453289586204397,63.594588665657206,51.13999961366095,Low
2023-04-26,118.0,245.0,160.0,8117,256.0,65.3061224489796,3.153874584205987,216.94915254237287,8362.0,115.0,1.3944464653813509,2023,2023-04,Wednesday,False,74.75172888736893,3.213467282352325,63.6894428423467,59.39668327924588,Moderate
2023-04-27,218.0,283.0,208.0,8159,310.0,73.4982332155477,3.799485231033215,142.2018348623853,8442.0,80.0,0.9567089213106912,2023,2023-04,Thursday,False,74.0119806912707,3.3030435734915606,62.09504728035522,49.24263058259928,Low
2023-04-30,132.0,243.0,183.0,8352,293.0,75.30864197530865,3.508141762452107,221.96969696969697,8595.0,153.0,1.812366737739872,2023,2023-04,Sunday,True,76.05101206726847,3.359477404078792,62.18114791625275,51.66155733271519,Low
2023-05-01,224.0,315.0,152.0,8492,237.0,48.25396825396825,2.7908619877531797,105.80357142857142,8807.0,212.0,2.4665503199534613,2023,2023-05,Monday,False,70.85259936885578,3.1478343807767,67.46107524232256,71.09664271364548,Critical
2023-05-02,167.0,326.0,213.0,8654,245.0,65.33742331288343,2.8310607811416686,146.7065868263473,8980.0,173.0,1.964346542522993,2023,2023-05,Tuesday,False,71.45635825482324,3.047891491875364,68.40709211506883,65.41556560037088,High
2023-05-03,209.0,353.0,232.0,8704,267.0,65.72237960339945,3.0675551470588234,127.7511961722488,9057.0,77.0,0.8574610244988864,2023,2023-05,Wednesday,False,71.23488001634784,3.0958036066314762,69.41892416248905,60.62785890897852,High
2023-05-04,153.0,253.0,286.0,8790,332.0,113.04347826086956,3.777019340159272,216.99346405228758,9043.0,-14.0,-0.1545765706083692,2023,2023-05,Thursday,False,72.3528924387081,3.275428404829179,70.3026610081001,31.133296631123475,Low
2023-05-07,180.0,337.0,219.0,8485,375.0,64.98516320474778,4.419563936358279,208.33333333333334,8822.0,-221.0,-2.443879243613845,2023,2023-05,Sunday,True,72.30704111810356,3.4562411694223636,62.630536726147795,43.06385218667902,Low
2023-05-08,133.0,287.0,189.0,8590,261.0,65.85365853658537,3.038416763678696,196.2406015037594,8877.0,55.0,0.6234413965087282,2023,2023-05,Monday,False,71.21495902110892,3.347517102657432,62.77366093888048,59.143814711791066,Moderate
2023-05-09,187.0,310.0,247.0,8606,250.0,79.6774193548387,2.9049500348594,133.6898395721925,8916.0,39.0,0.43933761405880367,2023,2023-05,Tuesday,False,71.83907007532751,3.261346855858474,62.135228386191955,52.52146113429145,Low
2023-05-10,168.0,285.0,210.0,8681,304.0,73.68421052631578,3.501900702684022,180.95238095238096,8966.0,50.0,0.5607895917451773,2023,2023-05,Wednesday,False,75.47196182852001,3.362923815134309,63.44136721393407,50.59145611188378,Low
2023-05-11,269.0,412.0,204.0,8672,392.0,49.51456310679612,4.520295202952029,145.72490706319704,9084.0,118.0,1.3160829801472227,2023,2023-05,Thursday,False,73.2115532276504,3.604243018250074,60.11405448384489,58.06003708854891,Moderate
2023-05-14,100.0,255.0,236.0,8445,288.0,92.54901960784314,3.4103019538188275,288.0,8700.0,-384.0,-4.227212681638045,2023,2023-05,Sunday,True,77.04393037114235,3.6532068477872177,61.385455264271236,35.813852186679036,Low
2023-05-15,205.0,294.0,177.0,8571,277.0,60.204081632653065,3.2318282580795707,135.1219512195122,8865.0,165.0,1.896551724137931,2023,2023-05,Monday,False,69.49544513853999,3.5753224074901175,60.800567225363665,62.96403183433782,High
2023-05-16,161.0,304.0,211.0,8572,272.0,69.4078947368421,3.173121791880541,168.944099378882,8876.0,11.0,0.12408347433728144,2023,2023-05,Tuesday,False,70.12726392883918,3.397259243993298,65.12200390548132,53.10549953639313,Moderate
2023-05-17,57.0,162.0,193.0,8569,307.0,119.1358024691358,3.5826817598319525,538.5964912280702,8731.0,-145.0,-1.633618747183416,2023,2023-05,Wednesday,False,77.73899877634639,3.4750113863009062,66.05592272345935,30.674963297790143,Low
2023-05-18,80.0,122.0,152.0,8474,351.0,124.59016393442623,4.142081661552986,438.75,8596.0,-135.0,-1.5462146374985684,2023,2023-05,Thursday,False,84.1551051448589,3.6517444758285613,66.77273540771942,26.681907742234586,Low
2023-05-21,107.0,170.0,133.0,7826,343.0,78.23529411764706,4.382826475849732,320.5607476635514,7996.0,-600.0,-6.979990693345742,2023,2023-05,Sunday,True,84.8052599436205,3.7775910148522343,64.07017164273634,32.369407742234586,Low
2023-05-22,99.0,156.0,139.0,7848,240.0,89.1025641025641,3.058103975535168,242.42424242424244,8004.0,8.0,0.10005002501250625,2023,2023-05,Monday,False,90.46068865730163,3.568706553792683,66.31918178986189,40.951997372894446,Low
2023-05-23,25.0,66.0,94.0,7788,246.0,142.42424242424244,3.1587057010785826,984.0,7854.0,-150.0,-1.8740629685157422,2023,2023-05,Tuesday,False,97.58572048821581,3.532764231972648,65.38574801027264,29.584685520012364,Low
2023-05-24,35.0,70.0,53.0,7709,276.0,75.71428571428571,3.5802308989492797,788.5714285714287,7779.0,-75.0,-0.9549274255156608,2023,2023-05,Wednesday,False,99.80146392844905,3.5825360378111775,66.11637708026348,36.80690774223459,Low
2023-05-25,43.0,73.0,64.0,7546,408.0,87.67123287671232,5.406838059899284,948.8372093023256,7619.0,-160.0,-2.056819642627587,2023,2023-05,Thursday,False,102.4105122341448,3.901638361813855,54.97848928579383,24.904129964456807,Low
2023-05-29,41.0,60.0,71.0,6996,207.0,118.33333333333333,2.9588336192109774,504.8780487804878,7056.0,-563.0,-7.3894211838823995,2023,2023-05,Monday,False,102.29587378617302,3.8125171988680013,52.90359116109232,30.091629964456807,Low
2023-05-30,65.0,83.0,65.0,7046,168.0,78.3132530120482,2.3843315356230486,258.46153846153845,7129.0,73.0,1.034580498866213,2023,2023-05,Tuesday,False,95.68488651154759,3.5614100380208673,49.50017869447419,53.57541338278473,Moderate
2023-05-31,38.0,80.0,82.0,7053,210.0,102.49999999999999,2.9774564015312635,552.6315789473684,7133.0,4.0,0.05610885117127227,2023,2023-05,Wednesday,False,99.15127306616944,3.360642884546801,50.79798137814714,35.52747353577499,Low
2023-06-01,56.0,82.0,68.0,7002,287.0,82.92682926829268,4.098828906026849,512.5,7084.0,-49.0,-0.6869479882237487,2023,2023-06,Thursday,False,98.26902523270209,3.509317874617041,50.15181888533949,28.34162996445681,Low
2023-06-04,74.0,103.0,80.0,6555,292.0,77.66990291262135,4.454614797864226,394.5945945945946,6658.0,-426.0,-6.013551665725578,2023,2023-06,Sunday,True,89.01840530247053,3.694447745586418,49.07999478756199,28.150657742234586,Low
2023-06-05,68.0,107.0,102.0,6523,189.0,95.32710280373831,2.897439828299862,277.94117647058823,6630.0,-28.0,-0.4205467107239411,2023,2023-06,Monday,False,91.82023631524945,3.596906164065073,48.04932991303504,32.522185520012364,Low
2023-06-06,92.0,124.0,93.0,6508,187.0,75.0,2.8733866011063305,203.26086956521738,6632.0,2.0,0.030165912518853696,2023,2023-06,Tuesday,False,90.01006019000484,3.234984527094651,57.25359679351344,43.94735164580435,Low
2023-06-07,113.0,162.0,107.0,6483,208.0,66.0493827160494,3.2083911769242635,184.07079646017698,6645.0,13.0,0.19601930036188178,2023,2023-06,Wednesday,False,82.5409243875357,3.2706356067679776,57.56624465616467,47.28994745788904,Low
2023-06-08,106.0,196.0,131.0,6446,255.0,66.83673469387756,3.9559416692522498,240.56603773584902,6642.0,-3.0,-0.04514672686230248,2023,2023-06,Thursday,False,80.9014217706542,3.495151340143578,60.343008593247696,36.049963297790136,Low
2023-06-11,86.0,152.0,168.0,6007,238.0,110.5263157894737,3.9620442816713832,276.74418604651163,6159.0,-483.0,-7.271906052393858,2023,2023-06,Sunday,True,82.04803831200756,3.6358067515921664,61.243042486800114,18.28607440890125,Low
2023-06-12,84.0,118.0,136.0,6021,177.0,115.2542372881356,2.9397110114598903,210.71428571428572,6139.0,-20.0,-0.324728040266277,2023,2023-06,Monday,False,86.6662394576994,3.470218480939743,60.86217415801315,25.82079663112348,Low
2023-06-13,59.0,64.0,117.0,6061,146.0,182.8125,2.4088434251773636,247.45762711864407,6125.0,-14.0,-0.22805017103762829,2023,2023-06,Tuesday,False,101.68661047018209,3.1779654276987634,63.1632384681819,30.056907742234586,Low
2023-06-14,62.0,97.0,52.0,6065,167.0,53.608247422680414,2.7535037098103876,269.3548387096774,6162.0,37.0,0.6040816326530613,2023,2023-06,Wednesday,False,95.7267739871738,3.1574031250574097,62.61309232874521,54.67760972029052,Moderate
2023-06-15,91.0,75.0,97.0,6038,272.0,129.33333333333331,4.504802914872474,298.9010989010989,6113.0,-49.0,-0.795196364816618,2023,2023-06,Thursday,False,103.48867874907856,3.390462598452573,56.7185729281666,13.966629964456809,Low
2023-06-19,29.0,51.0,11.0,5679,142.0,21.568627450980394,2.500440218348301,489.6551724137931,5730.0,-383.0,-6.265336168820547,2023,2023-06,Monday,False,97.13428513978302,3.2893267472274355,54.50217706174958,55.94579663112347,Moderate
2023-06-20,33.0,53.0,34.0,5904,134.0,64.15094339622641,2.2696476964769645,406.06060606060606,5957.0,227.0,3.961605584642234,2023,2023-06,Tuesday,False,96.75060066868998,3.048427608259538,53.95310078022446,60.48904728789986,Moderate
2023-06-21,93.0,196.0,169.0,5922,149.0,86.22448979591837,2.5160418777440055,160.21505376344086,6118.0,161.0,2.7027027027027026,2023,2023-06,Wednesday,False,93.2789112410392,2.8418558362699122,56.625560220006506,46.23817802503477,Low
2023-06-22,124.0,234.0,161.0,5956,207.0,68.80341880341881,3.475486903962391,166.93548387096774,6190.0,72.0,1.1768551814318404,2023,2023-06,Thursday,False,86.64308002893681,2.918395249484555,55.45524479056181,43.08564170916396,Low
2023-06-25,92.0,203.0,173.0,5766,263.0,85.22167487684729,4.56122095039889,285.8695652173913,5969.0,-221.0,-3.5702746365105007,2023,2023-06,Sunday,True,72.70153358277214,3.22587775308763,50.75403976552115,19.883296631123475,Low
2023-06-26,186.0,259.0,172.0,5819,174.0,66.40926640926641,2.9902045024918373,93.54838709677419,6078.0,109.0,1.8261015245434749,2023,2023-06,Monday,False,74.53025058085586,3.259692152042123,51.14864365855072,49.39648045124401,Low
2023-06-27,154.0,225.0,220.0,5917,155.0,97.77777777777777,2.619570728409667,100.64935064935065,6142.0,64.0,1.0529779532741033,2023,2023-06,Tuesday,False,70.02231407291934,2.9903732682617217,55.60431456999472,39.66842450934941,Low
2023-06-28,91.0,199.0,172.0,5999,174.0,86.4321608040201,2.9004834139023172,191.2087912087912,6198.0,56.0,0.9117551286225986,2023,2023-06,Wednesday,False,79.28853312335359,3.0475222961980104,56.45356250518768,39.1786238602998,Low
2023-06-29,81.0,213.0,153.0,6058,213.0,71.83098591549296,3.5160118851105975,262.962962962963,6271.0,73.0,1.1777992900935785,2023,2023-06,Thursday,False,80.38568205467739,3.225574323145672,58.73107764669821,42.13096893834029,Low
2023-07-02,209.0,285.0,184.0,5903,309.0,64.56140350877193,5.234626461121464,147.8468899521531,6188.0,-83.0,-1.3235528623823951,2023,2023-07,Sunday,True,77.2909554422279,3.613943549342452,51.22551722887947,31.445796631123475,Low
2023-07-04,184.0,314.0,217.0,6127,124.0,69.10828025477707,2.0238289538110004,67.3913043478261,6441.0,253.0,4.088558500323206,2023,2023-07,Tuesday,False,77.33450707813621,3.4065638421779676,46.970465177954075,62.01354118374286,High
2023-07-05,107.0,215.0,230.0,6193,167.0,106.9767441860465,2.6965929274987888,156.07476635514018,6408.0,-33.0,-0.5123428039124359,2023,2023-07,Wednesday,False,80.44237412230754,3.140188410335096,49.34669244229042,31.68885218667903,Low
2023-07-06,101.0,162.0,178.0,6239,205.0,109.87654320987654,3.285782978041353,202.97029702970298,6401.0,-7.0,-0.10923845193508115,2023,2023-07,Thursday,False,86.65198509382326,3.18241390684217,49.37396078887265,24.91107440890125,Low
2023-07-09,99.0,190.0,176.0,6214,196.0,92.63157894736842,3.154168007724493,197.97979797979798,6404.0,3.0,0.0468676769254804,2023,2023-07,Sunday,True,85.91681383233622,3.258784946744288,50.10177736523822,32.950954257456345,Low
2023-07-10,167.0,239.0,166.0,6346,163.0,69.4560669456067,2.568547116293728,97.60479041916167,6585.0,181.0,2.8263585259212993,2023,2023-07,Monday,False,83.49165756684859,3.211365475657346,49.422624941237906,57.526937490341524,Moderate
2023-07-11,115.0,216.0,169.0,6498,143.0,78.24074074074075,2.200677131425054,124.34782608695652,6714.0,129.0,1.958997722095672,2023,2023-07,Tuesday,False,84.40733682759826,3.0234605108451262,48.136319891311786,55.98742466388502,Moderate
2023-07-12,84.0,158.0,193.0,6521,210.0,122.15189873417722,3.220364974697133,250.0,6679.0,-35.0,-0.5212987786714328,2023,2023-07,Wednesday,False,92.6345504312276,2.735708869927364,66.40926883563803,25.945796631123475,Low
2023-07-13,130.0,227.0,192.0,6604,226.0,84.58149779735683,3.422168382798304,173.84615384615384,6831.0,152.0,2.2757897888905525,2023,2023-07,Thursday,False,94.84501008016757,2.9354716454969787,68.9197633041071,41.401068227476436,Low
2023-07-16,88.0,214.0,160.0,6468,218.0,74.76635514018692,3.370439084724799,247.72727272727272,6682.0,-149.0,-2.1812326160152247,2023,2023-07,Sunday,True,90.24352593075905,3.031735382243552,68.34213926305254,35.81385218667903,Low
2023-07-17,113.0,208.0,159.0,6632,160.0,76.4423076923077,2.4125452352231602,141.5929203539823,6840.0,158.0,2.36456150853038,2023,2023-07,Monday,False,85.46720657110636,2.9069871332695243,66.68600111023585,55.970744475351566,Moderate
2023-07-18,174.0,285.0,150.0,6874,181.0,52.63157894736842,2.6331102705848126,104.02298850574712,7159.0,319.0,4.66374269005848,2023,2023-07,Tuesday,False,79.75292085682064,2.832550313678141,66.8718223554446,65.63185751815793,High
2023-07-19,104.0,230.0,206.0,7001,226.0,89.56521739130436,3.2281102699614337,217.3076923076923,7231.0,72.0,1.0057270568515155,2023,2023-07,Wednesday,False,82.62565663477746,2.9267736213449567,66.6878703254557,39.9675861536084,Low
2023-07-20,147.0,276.0,214.0,7116,281.0,77.53623188405797,3.9488476672287804,191.156462585034,7392.0,161.0,2.2265246853823815,2023,2023-07,Thursday,False,82.52501251239421,3.176512269316917,66.1012404498452,42.967344691701435,Low
2023-07-23,108.0,220.0,213.0,7052,276.0,96.81818181818181,3.9137833238797506,255.55555555555554,7272.0,-120.0,-1.6233766233766231,2023,2023-07,Sunday,True,78.90591009582343,3.275572033485863,63.105217615460276,25.765241075567918,Low
2023-07-24,180.0,280.0,146.0,7220,187.0,52.142857142857146,2.590027700831025,103.8888888888889,7500.0,228.0,3.1353135313531353,2023,2023-07,Monday,False,74.27181857375204,3.1566947932048235,61.25500404853659,66.58284075104312,Critical
2023-07-25,134.0,294.0,186.0,7510,136.0,63.26530612244898,1.8109187749667113,101.49253731343283,7804.0,304.0,4.053333333333333,2023,2023-07,Tuesday,False,72.62881157121805,2.933906177525096,55.62495877471229,71.04849520939577,Critical
2023-07-26,202.0,313.0,158.0,7647,215.0,50.47923322683706,2.811560088923761,106.43564356435644,7960.0,156.0,1.9989748846745259,2023,2023-07,Wednesday,False,68.91980093329367,2.990908299482325,56.56131973207879,65.83877105547829,High
2023-07-27,110.0,272.0,193.0,7754,259.0,70.95588235294117,3.3402115037400053,235.45454545454544,8026.0,66.0,0.8291457286432161,2023,2023-07,Thursday,False,71.5375585626612,3.091922761361638,56.83290677485926,50.699833874208,Low
2023-07-30,166.0,277.0,229.0,7671,305.0,82.67148014440433,3.976013557554426,183.73493975903614,7948.0,-78.0,-0.971841515076003,2023,2023-07,Sunday,True,70.5527389559612,3.1987660881606375,54.61126336026041,32.334685520012364,Low
2023-07-31,136.0,276.0,178.0,7800,220.0,64.4927536231884,2.8205128205128207,161.76470588235296,8076.0,128.0,1.6104680422747861,2023,2023-07,Monday,False,68.68938491869413,3.037575395772643,56.546391066266175,62.31377008963066,High
2023-08-01,87.0,246.0,173.0,8103,168.0,70.32520325203252,2.073306182895224,193.10344827586206,8349.0,273.0,3.3803863298662704,2023,2023-08,Tuesday,False,64.90467369495852,2.7746500899177104,57.712445802321405,68.83998802348941,Critical
2023-08-02,84.0,171.0,157.0,8261,271.0,91.81286549707602,3.280474518823387,322.61904761904765,8432.0,83.0,0.9941310336567253,2023,2023-08,Wednesday,False,70.57181774556122,2.8732853496309048,57.142795801457034,45.18721990418791,Low
2023-08-03,167.0,209.0,157.0,8294,339.0,75.11961722488039,4.087292018326501,202.99401197604791,8503.0,71.0,0.8420303605313093,2023,2023-08,Thursday,False,72.26529076019428,3.1984815272537324,58.6600217503259,45.77645456652758,Low
2023-08-06,109.0,245.0,159.0,8298,322.0,64.89795918367346,3.8804531212340323,295.41284403669727,8543.0,40.0,0.47042220392802536,2023,2023-08,Sunday,True,74.32510875402805,3.351180531869485,58.05492251042536,52.125685751815794,Low
2023-08-07,156.0,256.0,176.0,8493,202.0,68.75,2.3784292947132935,129.4871794871795,8749.0,206.0,2.4113309141987593,2023,2023-08,Monday,False,74.00998270360788,3.213783073437098,55.21889840407493,68.33961134291454,Critical
2023-08-08,125.0,232.0,192.0,8725,207.0,82.75862068965517,2.372492836676218,165.6,8957.0,208.0,2.37741456166419,2023,2023-08,Tuesday,False,74.02243135292942,2.9847086847402102,55.99520587974321,61.895195873898935,High
2023-08-09,118.0,139.0,168.0,8888,251.0,120.86330935251799,2.824032403240324,212.71186440677968,9027.0,70.0,0.7815116668527409,2023,2023-08,Wednesday,False,82.0753678856908,2.985211482272711,55.99901399139924,46.609700973574405,Low
2023-08-10,142.0,235.0,139.0,8914,353.0,59.148936170212764,3.960062822526363,248.59154929577466,9149.0,122.0,1.3515010523983604,2023,2023-08,Thursday,False,80.4787583025737,3.2547481450771594,57.36386605193009,58.46295974347087,Moderate
2023-08-16,148.0,245.0,175.0,9634,288.0,71.42857142857143,2.9894124974050236,194.5945945945946,9879.0,730.0,7.979014099901629,2023,2023-08,Wednesday,False,77.5667162927873,3.213167856303108,57.152908746717195,62.40972222222222,High
2023-08-17,119.0,219.0,210.0,9694,407.0,95.8904109589041,4.198473282442748,342.01680672268907,9913.0,34.0,0.34416438910820935,2023,2023-08,Thursday,False,80.53397254050499,3.229050894034,56.428959447823075,39.458787281718436,Low
2023-08-20,105.0,210.0,149.0,9483,390.0,70.95238095238095,4.112622587788675,371.42857142857144,9693.0,-220.0,-2.2193079794209623,2023,2023-08,Sunday,True,81.39888993603462,3.2622179606846635,55.28235155286759,42.681907742234586,Low
2023-08-21,143.0,203.0,163.0,9668,281.0,80.29556650246306,2.906495655771618,196.5034965034965,9871.0,178.0,1.8363767667388837,2023,2023-08,Monday,False,83.04825657924364,3.337656012264424,57.67407041005681,57.84280829856281,Moderate
2023-08-22,119.0,209.0,152.0,9921,230.0,72.72727272727273,2.3183146860195545,193.27731092436974,10130.0,259.0,2.6238476344848545,2023,2023-08,Tuesday,False,81.61520687033187,3.3299162764563297,57.275625709295184,69.44412571472725,Critical
2023-08-23,155.0,212.0,181.0,10071,285.0,85.37735849056604,2.829907655644921,183.8709677419355,10283.0,153.0,1.5103652517275419,2023,2023-08,Wednesday,False,76.54578531862444,3.3307555982284147,57.297320219175724,56.46711288827074,Moderate
2023-08-24,109.0,214.0,173.0,10026,443.0,80.8411214953271,4.418511869140236,406.42201834862385,10240.0,-43.0,-0.41816590489156863,2023,2023-08,Thursday,False,79.64466893649792,3.396248319173254,54.77607780879716,36.7930188533457,Low
2023-08-27,191.0,283.0,192.0,9873,488.0,67.84452296819788,4.942773219892636,255.4973821989529,10156.0,-84.0,-0.8203125,2023,2023-08,Sunday,True,79.1326620135874,3.6752998509571984,50.48647351748177,42.681907742234586,Low
2023-08-28,170.0,297.0,196.0,10012,388.0,65.993265993266,3.8753495805033964,228.23529411764704,10309.0,153.0,1.5064986215045293,2023,2023-08,Monday,False,74.86164130421052,3.6291393221087196,51.03676722803524,57.86989066604852,Moderate
2023-08-29,152.0,272.0,214.0,10180,286.0,78.67647058823529,2.8094302554027504,188.1578947368421,10452.0,143.0,1.3871374527112232,2023,2023-08,Tuesday,False,75.96508268076116,3.44296898891073,50.601909066443,59.46339437490342,Moderate
2023-08-30,239.0,367.0,224.0,10280,366.0,61.03542234332425,3.5603112840466924,153.13807531380755,10647.0,195.0,1.8656716417910446,2023,2023-08,Wednesday,False,73.2136335151699,3.5363712215214553,51.356519739655376,63.19717779323134,High
2023-08-31,113.0,280.0,237.0,10140,505.0,84.64285714285714,4.980276134122287,446.9026548672566,10420.0,-227.0,-2.1320559782098245,2023,2023-08,Thursday,False,74.91585986025338,3.916651428393274,52.34818585193922,34.09162996445681,Low
2023-09-04,196.0,306.0,187.0,9988,293.0,61.111111111111114,2.933520224269123,149.48979591836735,10294.0,-126.0,-1.2092130518234165,2023,2023-09,Monday,False,71.44925309175983,3.931453223911017,52.90186803806566,57.46662996445681,Moderate
2023-09-05,236.0,330.0,222.0,10142,243.0,67.27272727272727,2.3959771248274504,102.96610169491525,10472.0,178.0,1.72916261900136,2023,2023-09,Tuesday,False,69.51091105995985,3.6425196890091907,49.40641907424217,71.34280829856282,Critical
2023-09-06,81.0,230.0,242.0,10356,291.0,105.21739130434781,2.809965237543453,359.25925925925924,10586.0,114.0,1.0886172650878534,2023,2023-09,Wednesday,False,74.8498922508384,3.337832834387879,53.19670096036803,51.80286084067377,Low
2023-09-07,118.0,245.0,160.0,10419,398.0,65.3061224489796,3.819944332469527,337.2881355932203,10664.0,78.0,0.736822218023805,2023,2023-09,Thursday,False,74.75172888736893,3.3299177989544693,53.35021068681747,57.52723690310617,Moderate
2023-09-10,218.0,283.0,208.0,10282,382.0,73.4982332155477,3.715230499902743,175.22935779816513,10565.0,-99.0,-0.9283570892723182,2023,2023-09,Sunday,True,74.0119806912707,3.459317833883039,54.017234065910515,44.556907742234586,Low
2023-09-11,132.0,243.0,183.0,10492,277.0,75.30864197530865,2.640106747998475,209.84848484848487,10735.0,170.0,1.609086606720303,2023,2023-09,Monday,False,76.05101206726847,3.3278600430190086,52.56044465120559,64.36686756297327,High
2023-09-12,224.0,315.0,152.0,10649,316.0,48.25396825396825,2.967414780730585,141.07142857142858,10964.0,229.0,2.1332091290172337,2023,2023-09,Tuesday,False,70.85259936885576,3.0403084211059084,65.20553592612869,72.45786972647194,Critical
2023-09-13,167.0,326.0,213.0,10678,343.0,65.33742331288343,3.212212024723731,205.3892215568862,11004.0,40.0,0.36483035388544327,2023,2023-09,Wednesday,False,71.45635825482324,3.0801215354565663,65.1587960869735,60.70901908514913,High
2023-09-14,209.0,353.0,232.0,10837,414.0,65.72237960339945,3.8202454553843315,198.08612440191388,11190.0,186.0,1.6902944383860414,2023,2023-09,Thursday,False,71.23488001634783,3.283588439821835,66.62642179745862,60.547799799103686,Moderate
2023-09-17,153.0,253.0,286.0,10799,427.0,113.04347826086956,3.954069821279748,279.0849673202614,11052.0,-138.0,-1.2332439678284184,2023,2023-09,Sunday,True,72.35289243870808,3.447031951784163,66.34703744088816,32.87635218667903,Low
2023-09-18,180.0,337.0,219.0,10892,313.0,64.98516320474778,2.8736687477047376,173.88888888888889,11229.0,177.0,1.6015200868621065,2023,2023-09,Monday,False,72.30704111810356,3.311849725389193,65.90768178772053,68.81497256992736,Critical
2023-09-19,133.0,287.0,189.0,11095,260.0,65.85365853658537,2.3433979269941414,195.48872180451127,11382.0,153.0,1.3625434143734971,2023,2023-09,Tuesday,False,71.21495902110892,3.115873643545107,62.76425603049546,74.47405733271519,Critical
2023-09-20,187.0,310.0,247.0,11064,364.0,79.6774193548387,3.2899493853940713,194.6524064171123,11374.0,-8.0,-0.07028641714988579,2023,2023-09,Wednesday,False,71.8390700753275,3.2087083060301924,64.26379940666051,45.54996329779014,Low
2023-09-21,168.0,285.0,210.0,11067,428.0,73.68421052631578,3.8673533929700907,254.76190476190476,11352.0,-22.0,-0.19342359767891684,2023,2023-09,Thursday,False,75.47196182852001,3.33727096492155,62.74483339659375,45.0430188533457,Low
2023-09-24,269.0,412.0,204.0,10744,403.0,49.51456310679612,3.7509307520476542,149.81412639405204,11156.0,-196.0,-1.726568005637773,2023,2023-09,Sunday,True,73.21155322765038,3.414230783110682,62.12921909491773,55.16107440890124,Moderate
2023-09-25,100.0,255.0,236.0,10842,284.0,92.54901960784314,2.6194429072126915,284.0,11097.0,-59.0,-0.5288633918967371,2023,2023-09,Monday,False,77.04393037114235,3.2426875619433053,60.81896288741711,48.16454663112348,Low
2023-09-26,205.0,294.0,177.0,10978,332.0,60.204081632653065,3.0242302787392967,161.95121951219514,11272.0,175.0,1.577002793547806,2023,2023-09,Tuesday,False,69.49544513853999,3.1098533415803833,63.94033495193676,69.13784577345078,Critical
2023-09-27,161.0,304.0,211.0,11017,331.0,69.4078947368421,3.0044476717799764,205.59006211180125,11321.0,49.0,0.43470546486870126,2023,2023-09,Wednesday,False,70.12726392883918,3.128536045019703,64.22803958332557,61.1226336733117,High
2023-09-28,57.0,162.0,193.0,10984,447.0,119.1358024691358,4.0695557174071375,784.2105263157895,11146.0,-175.0,-1.545799841003445,2023,2023-09,Thursday,False,77.73899877634639,3.375130015078703,65.23118706668976,31.87635218667903,Low
2023-10-01,80.0,122.0,152.0,10598,493.0,124.59016393442623,4.651821098320438,616.25,10720.0,-426.0,-3.821998923380585,2023,2023-10,Sunday,True,84.1551051448589,3.5696831169253262,58.328985411947926,28.4180188533457,Low
2023-10-02,107.0,170.0,133.0,10724,284.0,78.23529411764706,2.648265572547557,265.42056074766356,10894.0,174.0,1.6231343283582091,2023,2023-10,Monday,False,84.80525994362051,3.395527714007822,56.31531174878531,62.99892790913305,High
2023-10-03,99.0,156.0,139.0,10818,287.0,89.1025641025641,2.6529857644666297,289.8989898989899,10974.0,80.0,0.7343491830365338,2023,2023-10,Tuesday,False,90.46068865730163,3.2386784300676754,55.48099625521381,56.63846391593261,Moderate
2023-10-04,25.0,66.0,94.0,10963,330.0,142.42424242424244,3.0101249657940343,1320.0,11029.0,55.0,0.5011846181884454,2023,2023-10,Wednesday,False,97.58572048821581,3.2944901527221524,56.66111763666521,45.921592489568845,Low
2023-10-05,35.0,70.0,53.0,11130,427.0,75.71428571428571,3.8364779874213837,1220.0,11200.0,171.0,1.5504578837609937,2023,2023-10,Thursday,False,99.80146392844907,3.4105255396767364,56.22606112321005,54.342605470560954,Moderate
2023-10-09,43.0,73.0,64.0,10815,282.0,87.67123287671232,2.6074895977808596,655.8139534883721,10888.0,-312.0,-2.7857142857142856,2023,2023-10,Monday,False,102.41051223414482,3.353817243391149,54.76300517129633,48.5430188533457,Low
2023-10-10,41.0,60.0,71.0,10910,257.0,118.33333333333333,2.3556370302474794,626.829268292683,10970.0,82.0,0.7531227038941954,2023,2023-10,Tuesday,False,102.29587378617303,3.1089717166540547,54.569503354165896,55.84342644104466,Moderate
2023-10-11,65.0,83.0,65.0,10960,266.0,78.3132530120482,2.4270072992700733,409.23076923076917,11043.0,73.0,0.6654512306289881,2023,2023-10,Wednesday,False,95.68488651154759,2.7911411739325738,66.4014069831459,63.0406911605625,High
2023-10-12,38.0,80.0,82.0,10992,398.0,102.49999999999999,3.620815138282387,1047.3684210526314,11072.0,29.0,0.2626097980621208,2023,2023-10,Thursday,False,99.15127306616944,2.930076826180407,63.00307940481366,42.434032607015915,Low
2023-10-15,56.0,82.0,68.0,10571,434.0,82.92682926829268,4.105571847507331,775.0,10653.0,-419.0,-3.784320809248555,2023,2023-10,Sunday,True,98.26902523270209,3.1375891237576496,58.288361915261284,37.67496329779014,Low
2023-10-16,74.0,103.0,80.0,10629,331.0,77.66990291262135,3.1141217424028604,447.2972972972973,10732.0,79.0,0.7415751431521637,2023,2023-10,Monday,False,89.01840530247053,3.152445806130339,58.35675314580866,55.714794853963845,Moderate
2023-10-17,68.0,107.0,102.0,10630,315.0,95.32710280373831,2.9633113828786453,463.2352941176471,10737.0,5.0,0.04658963846440552,2023,2023-10,Tuesday,False,91.82023631524945,3.0277077197670907,60.70396736104223,46.7568285427291,Low
2023-10-18,92.0,124.0,93.0,10511,393.0,75.0,3.738940157929788,427.17391304347825,10635.0,-102.0,-0.9499860296172116,2023,2023-10,Wednesday,False,90.01006019000484,3.1893435140740807,60.02701037167833,43.6055188533457,Low
2023-10-19,113.0,162.0,107.0,10319,406.0,66.0493827160494,3.9344897761410986,359.29203539823004,10481.0,-154.0,-1.4480488951574988,2023,2023-10,Thursday,False,82.5409243875357,3.4148939063445978,62.47432999974691,47.25829663112348,Low
2023-10-22,106.0,196.0,131.0,9506,454.0,66.83673469387756,4.775930990953083,428.3018867924528,9702.0,-779.0,-7.432496899150845,2023,2023-10,Sunday,True,80.9014217706542,3.7504544337278847,62.004549016864644,42.61246329779014,Low
2023-10-23,86.0,152.0,168.0,9436,327.0,110.5263157894737,3.4654514624841037,380.2325581395349,9588.0,-114.0,-1.1750154607297465,2023,2023-10,Monday,False,82.04803831200756,3.728259622899558,61.689507566108965,34.022185520012364,Low
2023-10-24,84.0,118.0,136.0,9396,300.0,115.2542372881356,3.1928480204342273,357.14285714285717,9514.0,-74.0,-0.7717980809345015,2023,2023-10,Tuesday,False,86.6662394576994,3.597870504746258,61.5609708477714,35.82774107556792,Low
2023-10-25,59.0,64.0,117.0,9351,293.0,182.8125,3.1333547214201687,496.6101694915254,9415.0,-99.0,-1.040571788942611,2023,2023-10,Wednesday,False,101.68661047018209,3.600618073177302,61.6538035891442,34.72357440890125,Low
2023-10-26,62.0,97.0,52.0,9235,390.0,53.608247422680414,4.223064428803465,629.0322580645161,9332.0,-83.0,-0.8815719596388741,2023,2023-10,Thursday,False,95.7267739871738,3.780582794023705,62.96605764982752,48.52912996445681,Low
2023-10-29,91.0,75.0,97.0,8925,418.0,129.33333333333331,4.6834733893557425,459.34065934065933,9000.0,-332.0,-3.557651093013288,2023,2023-10,Sunday,True,103.48867874907856,3.915516112798841,59.57949529165479,25.522185520012364,Low
2023-10-30,29.0,51.0,11.0,9026,278.0,21.568627450980394,3.079991136716153,958.6206896551724,9077.0,77.0,0.8555555555555556,2023,2023-10,Monday,False,97.13428513978302,3.7934448785952775,57.2154951119464,70.50980335342297,Critical
2023-10-31,33.0,53.0,34.0,9072,295.0,64.15094339622641,3.2517636684303355,893.939393939394,9125.0,48.0,0.5288090778891704,2023,2023-10,Tuesday,False,96.75060066868998,3.5757066896634564,61.500371647811036,58.84476896924742,Moderate
2023-11-01,132.0,235.0,197.0,9250,279.0,83.82978723404256,3.016216216216216,211.36363636363637,9485.0,360.0,3.9452054794520546,2023,2023-11,Wednesday,False,92.93681087505695,3.5115302259109016,60.196375592810284,55.180497604697884,Moderate
2023-11-02,174.0,208.0,256.0,9442,330.0,123.07692307692308,3.495022241050625,189.6551724137931,9650.0,165.0,1.7395888244596729,2023,2023-11,Thursday,False,94.05433741631232,3.5546979717132436,60.728979254171264,43.366809612115595,Low
2023-11-05,123.0,230.0,167.0,9273,370.0,72.60869565217392,3.9900787231748085,300.8130081300813,9503.0,-147.0,-1.5233160621761659,2023,2023-11,Sunday,True,78.3109367951943,3.6770871148210493,61.177601979767296,42.08468552001236,Low
2023-11-06,123.0,233.0,159.0,9286,316.0,68.24034334763948,3.4029722162395006,256.9105691056911,9519.0,16.0,0.16836788382616014,2023,2023-11,Monday,False,80.40123621304558,3.5599310844547687,62.84534893188838,53.89111999690929,Moderate
2023-11-07,141.0,232.0,188.0,9483,231.0,81.03448275862068,2.4359379943055997,163.82978723404256,9715.0,196.0,2.0590398151066287,2023,2023-11,Tuesday,False,73.50140041665807,3.2388545994476057,67.6140848920099,62.81874903415237,High
2023-11-08,158.0,226.0,191.0,9634,310.0,84.51327433628319,3.2177703965123516,196.20253164556962,9860.0,145.0,1.4925373134328357,2023,2023-11,Wednesday,False,82.49349282884418,3.258537350847063,67.83467452851131,52.27595232576109,Low
2023-11-12,96.0,160.0,233.0,9477,313.0,145.625,3.302732932362562,326.04166666666663,9637.0,-223.0,-2.261663286004057,2023,2023-11,Sunday,True,94.1326437722404,3.265818674265952,67.82225678032296,33.244407742234586,Low
2023-11-13,141.0,173.0,129.0,9510,287.0,74.56647398843931,3.017875920084122,203.54609929078015,9683.0,46.0,0.47732696897374705,2023,2023-11,Monday,False,92.80931330858282,3.26605577481851,67.82893343835825,55.54258422191315,Moderate
2023-11-14,116.0,181.0,182.0,9665,247.0,100.55248618784532,2.555613036730471,212.93103448275863,9846.0,163.0,1.6833625942373234,2023,2023-11,Tuesday,False,89.59153661014314,3.1318544599156306,65.42290094749187,55.783389352495746,Moderate
2023-11-15,150.0,157.0,201.0,9762,316.0,128.02547770700636,3.237041589838148,210.66666666666666,9919.0,73.0,0.7414178346536664,2023,2023-11,Wednesday,False,97.50821976083348,3.0242777265818224,72.4282817886976,43.29763560500696,Low
2023-11-16,80.0,176.0,125.0,9762,374.0,71.02272727272727,3.831182134808441,467.5,9938.0,19.0,0.19155156769835668,2023,2023-11,Thursday,False,97.90570317870318,3.0854505720916707,67.81899568720121,50.54784809148508,Low
2023-11-19,116.0,188.0,164.0,9573,435.0,87.2340425531915,4.544030084612974,375.0,9761.0,-177.0,-1.7810424632722883,2023,2023-11,Sunday,True,98.79135457792758,3.386606584992724,61.15055136349319,32.96662996445681,Low
2023-11-20,105.0,185.0,158.0,9638,298.0,85.4054054054054,3.091927785847686,283.8095238095238,9823.0,62.0,0.6351808216371274,2023,2023-11,Monday,False,98.91880187351646,3.3686290691834864,60.87833314354367,50.078088780713955,Low
2023-11-21,136.0,246.0,123.0,9804,250.0,50.0,2.5499796001631987,183.8235294117647,10050.0,227.0,2.31090298279548,2023,2023-11,Tuesday,False,85.25808758780217,3.2610928788692917,58.32762254606677,75.61404728789987,Critical
2023-11-23,128.0,228.0,177.0,9838,283.0,77.63157894736842,2.876600935149421,221.09375,10066.0,16.0,0.15920398009950248,2023,2023-11,Thursday,False,85.69595972479203,3.240910738164334,57.99134205069246,54.76611999690929,Moderate
2023-11-26,90.0,196.0,205.0,9845,312.0,104.59183673469387,3.1691213814118844,346.6666666666667,10041.0,-25.0,-0.24836081859725812,2023,2023-11,Sunday,True,86.27300980291326,3.328554787404536,60.164926369027405,37.938852186679036,Low
2023-11-27,56.0,82.0,68.0,10123,214.0,82.92682926829268,2.113997826731206,382.14285714285717,10205.0,164.0,1.6333034558310926,2023,2023-11,Monday,False,79.83034574023988,3.168119964103544,55.3108177383713,64.99175166125792,High
2023-11-28,74.0,103.0,80.0,10223,223.0,77.66990291262135,2.1813557664090775,301.35135135135135,10326.0,121.0,1.1856932876041157,2023,2023-11,Tuesday,False,80.77994226022474,2.932430482903635,54.86051047261589,66.46638850254983,Critical
2023-11-29,68.0,107.0,102.0,10398,284.0,95.32710280373831,2.7312944797076364,417.64705882352945,10505.0,179.0,1.7334882820065856,2023,2023-11,Wednesday,False,81.93609372458857,2.6734682536314445,70.64664524261373,56.037310693864924,Moderate
2023-11-30,92.0,124.0,93.0,10536,320.0,75.0,3.037205770690964,347.82608695652175,10660.0,155.0,1.475487862922418,2023,2023-11,Thursday,False,80.44960723810209,2.6656508228947695,71.08672746219588,59.54707541338278,Moderate
2023-12-03,132.0,235.0,197.0,10579,417.0,83.82978723404256,3.9417714339729653,315.90909090909093,10814.0,154.0,1.4446529080675423,2023,2023-12,Sunday,True,85.28243398582245,2.8644782277247365,61.60317368561908,48.95676866017617,Low
2023-12-04,174.0,208.0,256.0,10635,273.0,123.07692307692308,2.5669957686882934,156.89655172413794,10843.0,29.0,0.2681708895875717,2023,2023-12,Monday,False,91.77462600433026,2.82024891823029,61.22965243312416,50.49653260701592,Low
2023-12-05,123.0,230.0,167.0,10761,261.0,72.60869565217392,2.4254251463618623,212.19512195121953,10991.0,148.0,1.364935903347782,2023,2023-12,Tuesday,False,87.20560584968455,2.7140065989374293,61.452737251626075,68.47739916550765,Critical
2023-12-06,123.0,233.0,159.0,10832,376.0,68.24034334763948,3.471196454948301,305.6910569105691,11065.0,74.0,0.673278136657265,2023,2023-12,Wednesday,False,85.10753643244838,2.907892117254157,61.705026964413214,58.329015994436716,Moderate
2023-12-07,141.0,232.0,188.0,10897,466.0,81.03448275862068,4.276406350371662,330.49645390070924,11129.0,64.0,0.5784003615002259,2023,2023-12,Thursday,False,85.58819069616257,3.2071850578202405,58.46224739039059,46.38370228712718,Low
2023-12-10,158.0,226.0,191.0,10871,411.0,84.51327433628319,3.780700947474933,260.126582278481,11097.0,-32.0,-0.28753706532482703,2023,2023-12,Sunday,True,84.0433580579547,3.3571002675012833,58.68406138553582,39.93537996445681,Low
2023-12-11,96.0,160.0,233.0,10998,304.0,145.625,2.7641389343517,316.66666666666663,11158.0,61.0,0.5496981166080923,2023,2023-12,Monday,False,94.13264377224041,3.3180907194528166,57.7454135757725,49.33151753979293,Low
2023-12-12,141.0,173.0,129.0,11077,259.0,74.56647398843931,2.338178207095784,183.68794326241135,11250.0,92.0,0.8245205233912888,2023,2023-12,Tuesday,False,92.8093133085828,3.0890059727560764,56.99297764531939,67.84720290526967,Critical
2023-12-13,116.0,181.0,182.0,11192,335.0,100.55248618784532,2.9932094353109364,288.7931034482759,11373.0,123.0,1.0933333333333333,2023,2023-12,Wednesday,False,89.59153661014314,3.149893639416454,58.07366980756608,52.27897542883635,Low
2023-12-14,150.0,157.0,201.0,11242,396.0,128.02547770700636,3.522504892367906,264.0,11399.0,26.0,0.22861162402180601,2023,2023-12,Thursday,False,97.5082197608335,3.3066193174173177,60.44540821013063,41.472096662030594,Low
2023-12-17,80.0,176.0,125.0,11092,456.0,71.02272727272727,4.111071042192571,570.0,11268.0,-131.0,-1.149223616106676,2023,2023-12,Sunday,True,97.90570317870318,3.3980299727379273,58.0596256788247,44.806907742234586,Low
2023-12-18,116.0,188.0,164.0,11149,364.0,87.2340425531915,3.264866804197686,313.7931034482759,11337.0,69.0,0.6123535676251332,2023,2023-12,Monday,False,98.79135457792756,3.2535243232845024,62.12075757221756,50.43604639932005,Low
2023-12-19,105.0,185.0,158.0,11291,272.0,85.4054054054054,2.4089983172438227,259.04761904761904,11476.0,139.0,1.2260739172620623,2023,2023-12,Tuesday,False,98.91880187351646,3.057566804680058,61.27019989220852,62.90780984391902,High
2023-12-20,136.0,246.0,123.0,11516,390.0,50.0,3.386592566863494,286.7647058823529,11762.0,286.0,2.492157546183339,2023,2023-12,Wednesday,False,85.25808758780217,3.146488752181743,61.43548457387062,69.17689499304589,Critical
2023-12-21,128.0,228.0,177.0,11375,497.0,77.63157894736842,4.369230769230769,388.28125,11603.0,-159.0,-1.3518109165107974,2023,2023-12,Thursday,False,85.69595972479205,3.4366391182010267,60.22702148038675,40.9180188533457,Low
2023-12-25,90.0,196.0,205.0,11144,347.0,104.59183673469387,3.1137832017229004,385.55555555555554,11340.0,-263.0,-2.2666551753856763,2023,2023-12,Monday,False,86.27300980291326,3.453863941974164,60.666598257929415,40.54996329779014,Low
2023-12-26,56.0,82.0,68.0,11217,288.0,82.92682926829268,2.5675314255148436,514.2857142857143,11299.0,-41.0,-0.36155202821869487,2023,2023-12,Tuesday,False,79.83034574023988,3.3174391609951557,57.897765100972194,52.2930188533457,Low
2023-12-27,74.0,103.0,80.0,11206,335.0,77.66990291262135,2.989469926824915,452.7027027027027,11309.0,10.0,0.08850340738118417,2023,2023-12,Wednesday,False,80.77994226022474,3.157210430228347,60.91202782842505,54.323945294390356,Moderate
2023-12-28,68.0,107.0,102.0,11230,357.0,95.32710280373831,3.1789848619768475,525.0,11337.0,28.0,0.24759041471394466,2023,2023-12,Thursday,False,81.93609372458857,3.1449415813396557,60.97079164147935,48.17355798949158,Low
2024-01-01,92.0,124.0,93.0,10870,290.0,75.0,2.667893284268629,315.2173913043478,10994.0,-343.0,-3.0254917526682545,2024,2024-01,Monday,False,80.44960723810209,3.1819265766289138,62.636419534975886,54.0916299644568,Moderate
2024-01-02,113.0,162.0,107.0,10770,316.0,66.0493827160494,2.934076137418756,279.646017699115,10932.0,-62.0,-0.5639439694378752,2024,2024-01,Tuesday,False,82.74237619753772,3.117281372422523,62.68975237780305,55.834685520012364,Moderate
2024-01-03,106.0,196.0,131.0,10718,263.0,66.83673469387756,2.453816010449711,248.1132075471698,10914.0,-18.0,-0.1646542261251372,2024,2024-01,Wednesday,False,81.20025558989617,2.8436506925966576,78.06043139256509,60.7166299644568,High
2024-01-04,86.0,152.0,168.0,10558,362.0,110.5263157894737,3.428679674180716,420.93023255813955,10710.0,-204.0,-1.8691588785046727,2024,2024-01,Thursday,False,82.04803831200756,2.8886359029477737,74.15157501140445,35.61246329779014,Low
2024-01-07,84.0,118.0,136.0,9670,367.0,115.2542372881356,3.795243019648397,436.90476190476187,9788.0,-922.0,-8.608776844070961,2024,2024-01,Sunday,True,86.6662394576994,3.0640232735382815,68.81149632536915,31.980518853345696,Low
2024-01-08,59.0,64.0,117.0,9670,367.0,182.8125,3.795243019648397,622.0338983050848,9734.0,-54.0,-0.551695954229669,2024,2024-01,Monday,False,101.68661047018209,3.179133715370208,65.47035689538522,30.244407742234586,Low
2024-01-09,62.0,97.0,52.0,9311,286.0,53.608247422680414,3.0716356997100203,461.2903225806452,9408.0,-326.0,-3.3490856790630774,2024,2024-01,Tuesday,False,95.7267739871738,3.163798120760661,65.40341058405144,56.31385218667903,Moderate
2024-01-10,91.0,75.0,97.0,9144,349.0,129.33333333333331,3.8167104111986005,383.5164835164835,9219.0,-189.0,-2.0089285714285716,2024,2024-01,Wednesday,False,103.48867874907856,3.327914853179228,65.45856220690114,29.931907742234586,Low
2024-01-11,29.0,51.0,11.0,8829,476.0,21.568627450980394,5.391324045758297,1641.3793103448277,8880.0,-339.0,-3.6771884152294176,2024,2024-01,Thursday,False,97.13428513978302,3.678950268656305,52.50227102995757,51.87635218667903,Low
2024-01-15,33.0,53.0,34.0,8033,234.0,64.15094339622641,2.9129839412423753,709.0909090909091,8086.0,-794.0,-8.941441441441441,2024,2024-01,Monday,False,96.75060066868998,3.7445456873409717,55.15567858046208,51.483991075567914,Low
2024-01-16,32.0,49.0,39.0,8133,188.0,79.59183673469387,2.311570146317472,587.5,8182.0,96.0,1.1872372000989364,2024,2024-01,Tuesday,False,92.33138937515,3.584958611931937,50.55008915846072,59.51058569000155,Moderate
2024-01-17,80.0,176.0,125.0,8072,353.0,71.02272727272727,4.373141724479683,441.24999999999994,8248.0,66.0,0.8066487411390858,2024,2024-01,Wednesday,False,86.01260223009167,3.6675155697649777,49.44786550800321,46.06788942976356,Low
2024-01-18,116.0,188.0,164.0,8042,359.0,87.2340425531915,4.464063665754788,309.48275862068965,8230.0,-18.0,-0.21823472356935014,2024,2024-01,Thursday,False,72.3585368805476,3.763061376351605,48.38969258077758,29.59857440890125,Low
2024-01-21,105.0,185.0,158.0,7974,371.0,85.4054054054054,4.652621018309506,353.3333333333333,8159.0,-71.0,-0.8626974483596598,2024,2024-01,Sunday,True,76.90098802093688,3.988916421865817,48.47013759560629,29.334685520012364,Low
2024-01-22,136.0,246.0,123.0,8008,222.0,50.0,2.7722277722277724,163.23529411764704,8254.0,95.0,1.1643583772521142,2024,2024-01,Monday,False,65.56765468760355,3.839704616298556,46.2922192686955,67.17719440581054,Critical
2024-01-23,128.0,228.0,177.0,8133,202.0,77.63157894736842,2.4837083487028155,157.8125,8361.0,107.0,1.296341167918585,2024,2024-01,Tuesday,False,73.57664775851613,3.42433094529063,49.390739824845404,59.79917130273529,Moderate
2024-01-24,90.0,196.0,205.0,8212,243.0,104.59183673469387,2.959084266926449,270.0,8408.0,47.0,0.5621337160626719,2024,2024-01,Wednesday,False,79.35391823544005,3.4309167061026407,49.480987963104866,44.20582212950085,Low
2024-01-25,102.0,189.0,155.0,8180,293.0,82.01058201058201,3.581907090464548,287.2549019607843,8369.0,-39.0,-0.4638439581351094,2024,2024-01,Thursday,False,79.69945327485264,3.6123934124093657,52.80275927621492,37.2305188533457,Low
2024-01-28,120.0,257.0,126.0,8004,307.0,49.0272373540856,3.835582208895552,255.83333333333331,8261.0,-108.0,-1.2904767594694706,2024,2024-01,Sunday,True,76.55724042933241,3.535599195897347,54.37746124184392,49.2305188533457,Low
2024-01-29,137.0,272.0,166.0,8057,195.0,61.029411764705884,2.4202556782921683,142.33576642335765,8329.0,68.0,0.8231448977121414,2024,2024-01,Monday,False,72.81372174526302,3.2436266262598297,55.024121750589494,67.64782297944676,Critical
2024-01-30,93.0,198.0,208.0,8182,187.0,105.05050505050507,2.285504766560743,201.0752688172043,8380.0,51.0,0.6123184055708969,2024,2024-01,Tuesday,False,75.62016455170583,2.905467161724293,62.603608496846995,51.81370730953485,Low
2024-01-31,203.0,477.0,258.0,8153,266.0,54.088050314465406,3.262602722924077,131.0344827586207,8630.0,250.0,2.983293556085919,2024,2024-01,Wednesday,False,76.20417173948661,2.975520726109479,62.19736305583564,63.798234430536226,High
2024-02-01,222.0,459.0,289.0,8026,337.0,62.96296296296296,4.198853725392474,151.80180180180182,8485.0,-145.0,-1.6801853997682505,2024,2024-02,Thursday,False,74.10865517028583,3.220541494208002,58.374642558205956,44.404129964456814,Low
2024-02-04,253.0,531.0,248.0,7813,342.0,46.70433145009416,4.377319851529502,135.17786561264822,8344.0,-141.0,-1.661756040070713,2024,2024-02,Sunday,True,65.83901155820016,3.4231465777227235,54.948523400457105,47.36246329779014,Low
2024-02-05,157.0,466.0,345.0,7872,242.0,74.0343347639485,3.0741869918699187,154.14012738853503,8338.0,-6.0,-0.07190795781399809,2024,2024-02,Monday,False,64.69954766582394,3.350615135066348,54.7664617591836,44.95274107556792,Low
2024-02-06,291.0,455.0,323.0,8045,178.0,70.98901098901099,2.2125543816034803,61.16838487972509,8500.0,162.0,1.9429119692971935,2024,2024-02,Tuesday,False,67.8369438993847,3.1187540168817662,52.847077942785646,67.5472492659558,Critical
2024-02-07,227.0,453.0,330.0,8160,222.0,72.84768211920529,2.7205882352941178,97.79735682819384,8613.0,113.0,1.3294117647058825,2024,2024-02,Wednesday,False,69.52526823574176,3.161658667882045,53.77231028866352,60.42780288981611,Moderate
2024-02-08,298.0,499.0,358.0,8188,315.0,71.7434869739479,3.8470933072789446,105.70469798657717,8687.0,74.0,0.8591663764077557,2024,2024-02,Thursday,False,64.7671227962336,3.3847427451275016,55.723020333802964,50.07207154999227,Low
2024-02-11,205.0,515.0,226.0,8056,347.0,43.883495145631066,4.3073485600794434,169.2682926829268,8571.0,-116.0,-1.3353286520087488,2024,2024-02,Sunday,True,63.309329200685845,3.5339921504354117,53.676905651561455,49.00135218667903,Low
2024-02-12,213.0,430.0,440.0,8092,234.0,102.32558139534885,2.8917449332674248,109.85915492957747,8522.0,-49.0,-0.5716952514292382,2024,2024-02,Monday,False,68.93256040531239,3.3472623229889757,54.46153631058726,38.44579663112348,Low
2024-02-13,227.0,369.0,349.0,8348,160.0,94.579945799458,1.9166267369429804,70.48458149779736,8717.0,195.0,2.288195259328796,2024,2024-02,Tuesday,False,75.77193388379294,2.9957347351909016,54.109567546958296,60.051344459898004,Moderate
2024-02-14,185.0,322.0,272.0,8512,230.0,84.472049689441,2.702067669172932,124.32432432432432,8834.0,117.0,1.3422048870024093,2024,2024-02,Wednesday,False,77.26303601600615,2.9425748319484746,53.93723449711041,55.643312471024565,Moderate
2024-02-15,333.0,508.0,272.0,8463,312.0,53.54330708661418,3.686635944700461,93.69369369369369,8971.0,137.0,1.5508263527280959,2024,2024-02,Thursday,False,74.77079260137803,3.1531579123909004,54.78695229280692,60.74454296090249,High
2024-02-19,249.0,420.0,371.0,8380,218.0,88.33333333333333,2.6014319809069213,87.55020080321285,8800.0,-171.0,-1.9061420131534945,2024,2024-02,Monday,False,76.98302848911062,3.136135590335587,54.44222109127997,45.244407742234586,Low
2024-02-20,149.0,395.0,273.0,8488,192.0,69.11392405063292,2.2620169651272386,128.85906040268455,8883.0,83.0,0.9431818181818182,2024,2024-02,Tuesday,False,76.60737664292276,2.909696112885343,54.74170153914435,67.33999768196568,Critical
2024-02-21,232.0,430.0,318.0,8573,231.0,73.95348837209302,2.6945060072320075,99.56896551724138,9003.0,120.0,1.3508949679162445,2024,2024-02,Wednesday,False,80.90308996098875,2.679290033907138,64.46911922768591,61.33092837273991,High
2024-02-22,165.0,400.0,292.0,8607,293.0,73.0,3.40420587893575,177.5757575757576,9007.0,4.0,0.04442963456625569,2024,2024-02,Thursday,False,76.71372119022463,2.7524987404311845,61.94047569993208,48.37816798021943,Low
2024-02-25,244.0,482.0,366.0,8404,329.0,75.93360995850622,3.914802475011899,134.8360655737705,8886.0,-121.0,-1.3433995781059176,2024,2024-02,Sunday,True,74.04995892723151,3.0379524172981727,61.521063551106224,39.27912996445681,Low
2024-02-26,199.0,438.0,326.0,8404,329.0,74.42922374429224,3.914802475011899,165.32663316582915,8842.0,-44.0,-0.49516092730137296,2024,2024-02,Monday,False,72.61526950649599,3.2112002467037395,59.442680718971836,40.11246329779014,Low
2024-02-27,197.0,369.0,306.0,8650,206.0,82.92682926829268,2.3815028901734103,104.56852791878173,9019.0,177.0,2.00180954535173,2024,2024-02,Tuesday,False,76.81291553245005,3.0247526674855894,58.52955404804671,61.51636145881626,High
2024-02-28,209.0,447.0,274.0,8699,257.0,61.297539149888145,2.954362570410392,122.9665071770335,9146.0,127.0,1.4081383745426324,2024,2024-02,Wednesday,False,72.95065922052932,3.0751713231289424,59.32675220524614,65.61582444753515,High
2024-02-29,262.0,444.0,354.0,8724,299.0,79.72972972972973,3.4273269142595137,114.12213740458014,9168.0,22.0,0.24054231357970696,2024,2024-02,Thursday,False,74.46720288897173,3.2416441730049814,62.89128006777132,47.34689383402875,Low
2024-03-03,236.0,468.0,347.0,8594,354.0,74.14529914529915,4.119152897370258,150.0,9062.0,-106.0,-1.156195462478185,2024,2024-03,Sunday,True,74.49460442800115,3.445165157310446,61.918006666422926,39.619407742234586,Low
2024-03-04,225.0,509.0,340.0,8660,229.0,66.7976424361493,2.644341801385681,101.77777777777777,9169.0,107.0,1.1807548002648423,2024,2024-03,Monday,False,73.60855334745106,3.336613146231865,59.2982362669918,65.97972685829083,High
2024-03-05,246.0,472.0,345.0,8800,214.0,73.09322033898306,2.4318181818181817,86.99186991869918,9272.0,103.0,1.1233504198931181,2024,2024-03,Tuesday,False,73.20278340180491,3.124758247204191,58.59091286281815,64.79211095657548,High
2024-03-06,230.0,457.0,277.0,8870,232.0,60.61269146608315,2.6155580608793687,100.8695652173913,9327.0,55.0,0.593183779119931,2024,2024-03,Wednesday,False,71.22899307634647,2.9391519023281147,61.302309546539504,67.96325915623551,Critical
2024-03-07,181.0,424.0,328.0,8902,305.0,77.35849056603774,3.426196360368457,168.50828729281767,9326.0,-1.0,-0.010721561059290233,2024,2024-03,Thursday,False,70.43351611888147,3.0883938266416933,62.49315350210713,42.93885218667903,Low
2024-03-10,190.0,368.0,326.0,8714,373.0,88.58695652173914,4.280468212072527,196.31578947368422,9082.0,-244.0,-2.616341411108728,2024,2024-03,Sunday,True,74.33200431486019,3.2778374897362843,57.369308838062715,32.43885218667903,Low
2024-03-11,178.0,336.0,290.0,8757,253.0,86.30952380952381,2.889117277606486,142.13483146067415,9093.0,11.0,0.12111869632239596,2024,2024-03,Monday,False,75.27197489768791,3.2009503987858516,57.050692533498754,48.41105509194869,Low
2024-03-12,154.0,294.0,290.0,8843,213.0,98.63945578231292,2.408684835463078,138.31168831168833,9137.0,44.0,0.48388870559771247,2024,2024-03,Tuesday,False,78.77114013154701,2.956597818513397,59.55544185281274,53.306415159944365,Moderate
2024-03-13,165.0,358.0,167.0,8819,239.0,46.64804469273743,2.7100578296859057,144.84848484848484,9177.0,40.0,0.437780453102769,2024,2024-03,Wednesday,False,75.89262616820247,2.9659858225562856,59.71895270846153,69.5631857518158,Critical
2024-03-14,166.0,301.0,252.0,8695,310.0,83.72093023255815,3.565267395054629,186.74698795180723,8996.0,-181.0,-1.9723221096218806,2024,2024-03,Thursday,False,77.41087043871319,3.1279071387329216,60.21140388859896,38.13329663112348,Low
2024-03-17,127.0,260.0,259.0,8373,342.0,99.61538461538461,4.084557506270154,269.29133858267716,8633.0,-363.0,-4.035126722987995,2024,2024-03,Sunday,True,82.98268374575626,3.3377642023601766,58.72316457497808,29.994407742234593,Low
2024-03-18,123.0,243.0,188.0,8333,283.0,77.36625514403292,3.3961358454338173,230.0813008130081,8576.0,-57.0,-0.6602571527858219,2024,2024-03,Monday,False,82.98379297118413,3.3334698430837997,58.74174690478143,41.41107440890125,Low
2024-03-19,99.0,202.0,256.0,8390,197.0,126.73267326732673,2.34803337306317,198.989898989899,8592.0,16.0,0.18656716417910446,2024,2024-03,Tuesday,False,88.43318107769664,3.05740772322532,60.76846315197398,48.16195333024262,Low
2024-03-20,91.0,181.0,174.0,8365,227.0,96.13259668508287,2.713687985654513,249.45054945054946,8546.0,-46.0,-0.5353817504655494,2024,2024-03,Wednesday,False,89.83647720277652,3.03234639580361,60.36735151950592,41.76524107556792,Low
2024-03-21,132.0,261.0,141.0,8292,235.0,54.02298850574713,2.8340569223347805,178.03030303030303,8553.0,7.0,0.08190966534051018,2024,2024-03,Thursday,False,83.46269616326711,3.0931138367852813,62.22791767045649,61.316363390511505,High
2024-03-24,124.0,264.0,221.0,7899,373.0,83.71212121212122,4.722116723635903,300.80645161290323,8163.0,-390.0,-4.559803577692038,2024,2024-03,Sunday,True,88.75756423746482,3.380550821635281,54.62730746253077,30.47357440890125,Low
2024-03-25,128.0,242.0,224.0,7899,229.0,92.56198347107438,2.8991011520445626,178.90625,8141.0,-22.0,-0.2695087590346686,2024,2024-03,Monday,False,90.02057184296713,3.285384215490986,54.231380232132956,38.86940774223459,Low
2024-03-26,187.0,276.0,200.0,7919,208.0,72.46376811594203,2.6265942669528983,111.22994652406418,8195.0,54.0,0.6633091757769316,2024,2024-03,Tuesday,False,86.1417694859039,3.077103752731378,55.798345469958264,58.38329663112347,Moderate
2024-03-27,129.0,287.0,185.0,7893,215.0,64.45993031358886,2.7239325985050042,166.66666666666669,8180.0,-15.0,-0.18303843807199513,2024,2024-03,Wednesday,False,84.29800879584047,2.981074717455833,55.935318339688266,54.327741075567914,Moderate
2024-03-28,161.0,288.0,248.0,7762,360.0,86.11111111111111,4.637979902087091,223.60248447204967,8050.0,-130.0,-1.5892420537897312,2024,2024-03,Thursday,False,78.49492848780967,3.3082099358878216,51.50535921292081,28.473574408901253,Low
2024-03-31,105.0,254.0,151.0,7257,287.0,59.4488188976378,3.954802259887006,273.3333333333333,7511.0,-539.0,-6.695652173913043,2024,2024-03,Sunday,True,73.25438880388893,3.485511975063892,51.875636575316236,41.96662996445681,Low
2024-04-01,109.0,235.0,171.0,7271,172.0,72.76595744680851,2.3655618209324714,157.7981651376147,7506.0,-5.0,-0.06656903208627346,2024,2024-04,Monday,False,75.93195579546912,3.4185841034349913,50.079082075846,49.72357440890126,Low
2024-04-02,101.0,230.0,175.0,7340,132.0,76.08695652173914,1.7983651226158037,130.6930693069307,7570.0,64.0,0.8526512123634425,2024,2024-04,Tuesday,False,74.84264655398599,3.0009053032892625,50.71395314832966,58.73786895379385,Moderate
2024-04-03,124.0,230.0,190.0,7346,163.0,82.6086956521739,2.218894636536891,131.4516129032258,7576.0,6.0,0.07926023778071334,2024,2024-04,Wednesday,False,73.42074829414305,2.9037329439310233,49.58617980103539,50.85085380930304,Low
2024-04-04,95.0,226.0,152.0,7317,225.0,67.2566371681416,3.075030750307503,236.84210526315786,7543.0,-33.0,-0.43558606124604016,2024,2024-04,Thursday,False,72.67687244445727,2.9677952986959673,49.7406856001682,44.57079663112347,Low
2024-04-07,106.0,239.0,233.0,6982,279.0,97.48953974895397,3.9959896877685477,263.20754716981133,7221.0,-322.0,-4.2688585443457505,2024,2024-04,Sunday,True,77.39538807808086,3.1495177400193306,48.26758034550936,24.959685520012364,Low
2024-04-08,102.0,230.0,167.0,6988,199.0,72.60869565217392,2.847738981110475,195.09803921568627,7218.0,-3.0,-0.04154549231408392,2024,2024-04,Monday,False,75.46647158394697,2.893769037022671,54.125796073670415,43.862463297790136,Low
2024-04-09,118.0,231.0,217.0,7043,130.0,93.93939393939394,1.8458043447394576,110.16949152542372,7274.0,56.0,0.7758381823219729,2024,2024-04,Tuesday,False,80.39369658991214,2.5924836205730215,56.191067232991145,51.26890163807758,Low
2024-04-10,117.0,244.0,142.0,6999,227.0,58.19672131147541,3.243320474353479,194.01709401709402,7243.0,-31.0,-0.4261754193016222,2024,2024-04,Wednesday,False,78.31237714200742,2.7178777139188797,55.33532194780302,46.56385218667903,Low
2024-04-11,183.0,221.0,220.0,6912,285.0,99.5475113122172,4.123263888888888,155.7377049180328,7133.0,-110.0,-1.5187077177964932,2024,2024-04,Thursday,False,81.66388496921856,3.050006109100749,54.25170777502778,23.678435520012357,Low
2024-04-14,128.0,245.0,243.0,6630,290.0,99.18367346938776,4.374057315233785,226.5625,6875.0,-258.0,-3.6169914481985135,2024,2024-04,Sunday,True,84.03173894310625,3.3578864917717337,53.14079794345606,22.31385218667903,Low
2024-04-15,144.0,303.0,176.0,6681,191.0,58.08580858085809,2.8588534650501423,132.63888888888889,6984.0,109.0,1.5854545454545454,2024,2024-04,Monday,False,82.72162057349433,3.327004022449253,52.71467464615315,59.535369340132895,Moderate
2024-04-16,219.0,392.0,205.0,6685,163.0,52.295918367346935,2.43829468960359,74.42922374429224,7077.0,93.0,1.331615120274914,2024,2024-04,Tuesday,False,76.26538894755046,3.1044761655685456,52.725956174240544,65.09031641168289,High
2024-04-17,182.0,371.0,274.0,6725,227.0,73.8544474393531,3.37546468401487,124.72527472527473,7096.0,19.0,0.26847534265931894,2024,2024-04,Wednesday,False,76.44335348857605,3.1798655516977443,52.80959457172306,43.24923698037397,Low
2024-04-18,144.0,322.0,258.0,6728,260.0,80.12422360248446,3.864447086801427,180.55555555555557,7050.0,-46.0,-0.6482525366403608,2024,2024-04,Thursday,False,74.46975772616042,3.4682430862780262,58.99819078680585,30.605518853345696,Low
2024-04-21,208.0,380.0,343.0,6745,240.0,90.26315789473685,3.558191252779837,115.38461538461537,7125.0,75.0,1.0638297872340425,2024,2024-04,Sunday,True,79.05067723805492,3.51322462605322,59.23681923083726,37.290922963993204,Low
2024-04-22,176.0,424.0,251.0,6799,214.0,59.198113207547166,3.1475216943668185,121.59090909090908,7223.0,98.0,1.3754385964912281,2024,2024-04,Monday,False,73.28647750881633,3.373832883978639,60.93117319805979,56.56968590635141,Moderate
2024-04-23,252.0,427.0,307.0,6967,134.0,71.89695550351288,1.9233529496196353,53.17460317460318,7394.0,171.0,2.3674373529004566,2024,2024-04,Tuesday,False,69.38837494226279,3.0237322603194743,59.79646308485443,62.93982769278319,High
2024-04-24,253.0,411.0,307.0,7128,154.0,74.69586374695864,2.1604938271604937,60.86956521739131,7539.0,145.0,1.9610494995942658,2024,2024-04,Wednesday,False,71.76123996599144,2.9239665977638105,57.19532450065074,60.58150788131664,Moderate
2024-04-25,145.0,357.0,333.0,7209,217.0,93.27731092436974,3.010126231100014,149.6551724137931,7566.0,27.0,0.3581376840429765,2024,2024-04,Thursday,False,77.6157246169947,3.005656817977585,58.237702007711654,40.43045897079277,Low
2024-04-28,158.0,349.0,365.0,7298,250.0,104.58452722063036,3.4255960537133463,158.22784810126583,7647.0,81.0,1.070578905630452,2024,2024-04,Sunday,True,82.00573601432002,3.0128184422202247,58.08396923926427,37.32602186679029,Low
2024-04-29,140.0,292.0,255.0,7373,187.0,87.32876712328768,2.5362810253628103,133.57142857142856,7665.0,18.0,0.23538642604943116,2024,2024-04,Monday,False,83.0349565172919,2.8230804334432795,61.38436044352725,47.30461868335651,Low
2024-04-30,220.0,443.0,194.0,7431,135.0,43.792325056433405,1.8167137666532096,61.36363636363637,7874.0,209.0,2.726679712981083,2024,2024-04,Tuesday,False,76.39626611181997,2.57429793542519,61.19042306886081,76.0098081826611,Critical
2024-05-01,197.0,437.0,295.0,7508,190.0,67.50572082379863,2.530633990410229,96.44670050761421,7945.0,71.0,0.9017018034036067,2024,2024-05,Wednesday,False,77.5830671998559,2.486171120574248,63.210008128965136,61.08201012208314,High
2024-05-02,206.0,411.0,293.0,7577,194.0,71.28953771289538,2.560380097663983,94.1747572815534,7988.0,43.0,0.5412208936438011,2024,2024-05,Thursday,False,77.49629322976769,2.577174998866298,65.50867968149429,57.9591639622933,Moderate
2024-05-05,150.0,315.0,228.0,7447,332.0,72.38095238095238,4.458171075600913,221.33333333333334,7762.0,-226.0,-2.829243865798698,2024,2024-05,Sunday,True,77.16559160605252,2.905414605786358,54.23101411680422,34.26524107556792,Low
2024-05-06,173.0,337.0,211.0,7449,205.0,62.61127596439169,2.752047254665056,118.4971098265896,7786.0,24.0,0.3091986601391394,2024,2024-05,Monday,False,72.78472946891279,2.8685461805813643,54.222183121822724,58.84006529129964,Moderate
2024-05-07,176.0,334.0,246.0,7566,163.0,73.65269461077844,2.154374834787206,92.61363636363636,7900.0,114.0,1.4641664526072438,2024,2024-05,Tuesday,False,68.36589623893394,2.6869431493062015,54.31281321496717,62.455638618451545,High
2024-05-08,167.0,374.0,205.0,7583,202.0,54.81283422459893,2.663853356191481,120.95808383233533,7957.0,57.0,0.7215189873417721,2024,2024-05,Wednesday,False,63.720762967692686,2.7051677679960116,54.38458224001295,63.62312625560192,High
2024-05-09,138.0,285.0,268.0,7570,244.0,94.03508771929825,3.223249669749009,176.81159420289856,7855.0,-102.0,-1.2818901596078924,2024,2024-05,Thursday,False,70.89830049095909,2.906101468438268,56.98951415112874,33.41107440890125,Low
2024-05-12,138.0,301.0,263.0,7464,245.0,87.37541528239203,3.2824222936763134,177.53623188405797,7765.0,-90.0,-1.1457670273711011,2024,2024-05,Sunday,True,73.73682827075815,3.0134997974762805,57.279938362909995,33.424963297790136,Low
2024-05-13,112.0,331.0,167.0,7499,157.0,50.453172205438065,2.093612481664222,140.17857142857142,7830.0,65.0,0.8370895041854475,2024,2024-05,Monday,False,70.76020462683569,2.9468187094763145,55.21548857549932,69.52267810230258,Critical
2024-05-14,246.0,419.0,218.0,7546,186.0,52.02863961813843,2.4648820567187912,75.60975609756098,7965.0,135.0,1.7241379310344827,2024,2024-05,Tuesday,False,67.85273137500512,2.662063135350297,68.00884332394106,69.37297171998146,Critical
2024-05-15,115.0,285.0,341.0,7589,265.0,119.64912280701753,3.491896165502701,230.43478260869566,7874.0,-91.0,-1.1424984306340238,2024,2024-05,Wednesday,False,76.00099520966594,2.7677558368985324,63.81001472837217,27.71315774223459,Low
2024-05-16,206.0,340.0,214.0,7565,234.0,62.94117647058823,3.0931923331130204,113.59223300970874,7905.0,31.0,0.39370078740157477,2024,2024-05,Thursday,False,74.47077833249591,2.9018726223736486,66.41912164759823,55.75716658939886,Moderate
2024-05-19,143.0,295.0,278.0,7356,298.0,94.23728813559322,4.051114736269712,208.39160839160837,7651.0,-254.0,-3.2131562302340293,2024,2024-05,Sunday,True,80.10284317692368,3.1000528195276815,60.66312859381958,26.799963297790143,Low
2024-05-20,111.0,268.0,217.0,7368,192.0,80.97014925373134,2.6058631921824107,172.97297297297297,7636.0,-15.0,-0.19605280355509086,2024,2024-05,Monday,False,78.2364233961284,3.011854751303882,59.86196343354795,43.21662996445681,Low
2024-05-21,196.0,348.0,176.0,7404,145.0,50.57471264367817,1.958400864397623,73.9795918367347,7752.0,116.0,1.5191199580932426,2024,2024-05,Tuesday,False,72.97918016202642,2.8227088328354966,56.75452786341453,71.15714340905579,Critical
2024-05-22,168.0,349.0,272.0,7474,208.0,77.93696275071633,2.7829810008027827,123.80952380952381,7823.0,71.0,0.9158926728586172,2024,2024-05,Wednesday,False,76.90543595420903,2.9211900498552916,59.04897382702506,51.623676788749805,Low
2024-05-23,193.0,272.0,314.0,7494,227.0,115.44117647058823,3.029089938617561,117.61658031088082,7766.0,-57.0,-0.7286207337338616,2024,2024-05,Thursday,False,85.9643697902733,3.0017911758408298,60.103832261470416,31.310379964456807,Low
2024-05-27,156.0,344.0,252.0,7365,167.0,73.25581395348837,2.267481330617787,107.05128205128204,7709.0,-57.0,-0.7339685809940768,2024,2024-05,Monday,False,79.33675423976912,2.8268747708572706,59.72452511600806,51.27218552001236,Low
2024-05-28,153.0,348.0,239.0,7418,151.0,68.67816091954023,2.035589107576166,98.69281045751634,7766.0,57.0,0.7393955117395252,2024,2024-05,Tuesday,False,80.15632344676227,2.675788595780577,58.08667233459381,62.987709588935246,High
2024-05-29,182.0,462.0,158.0,7491,141.0,34.1991341991342,1.8822587104525432,77.47252747252747,7953.0,187.0,2.4079320113314444,2024,2024-05,Wednesday,False,71.57944431298242,2.365952020663839,69.18653421194743,77.49921766342142,Critical
2024-05-30,167.0,406.0,339.0,7563,190.0,83.49753694581281,2.5122305963242098,113.77245508982037,7969.0,16.0,0.20118194392053312,2024,2024-05,Thursday,False,71.94049969756547,2.352575935541239,69.52595449319446,51.016119996909296,Low
2024-06-02,159.0,330.0,322.0,7546,306.0,97.57575757575758,4.055128544924464,192.45283018867926,7876.0,-93.0,-1.167022211067888,2024,2024-06,Sunday,True,78.65493468786254,2.6521084613307875,57.536978357052334,27.17496329779014,Low
2024-06-03,109.0,244.0,257.0,7596,224.0,105.32786885245902,2.948920484465508,205.50458715596332,7840.0,-36.0,-0.4570848146267141,2024,2024-06,Monday,False,82.56792127382576,2.675814101854034,57.28873968700698,33.83121329779014,Low
2024-06-04,260.0,356.0,176.0,7565,203.0,49.43820224719101,2.683410442828817,78.07692307692308,7921.0,81.0,1.0331632653061225,2024,2024-06,Tuesday,False,73.1389249561976,2.6264313167413564,57.819513087625786,66.28435520012363,Critical
2024-06-05,173.0,345.0,291.0,7691,198.0,84.34782608695653,2.5744376544012484,114.45086705202311,8036.0,115.0,1.4518368892816564,2024,2024-06,Wednesday,False,74.72349811812163,2.6702822201389935,58.36366084208249,54.16751661257919,Moderate
2024-06-06,179.0,326.0,282.0,7741,238.0,86.50306748466258,3.074538173362615,132.9608938547486,8067.0,31.0,0.38576406172224986,2024,2024-06,Thursday,False,77.26991334171053,2.8187035152513435,60.03012745756372,43.902999922732185,Low
2024-06-09,116.0,289.0,166.0,7451,312.0,57.43944636678201,4.187357401691048,268.9655172413793,7740.0,-327.0,-4.05355150613611,2024,2024-06,Sunday,True,80.5899579370888,3.148003328285416,59.00103532159378,42.00829663112347,Low
2024-06-10,184.0,334.0,229.0,7439,212.0,68.562874251497,2.849845409329211,115.21739130434783,7773.0,33.0,0.4263565891472868,2024,2024-06,Monday,False,78.45643469504367,3.196234015857559,60.46272012925788,54.656631509813,Moderate
2024-06-11,186.0,352.0,224.0,7493,156.0,63.63636363636363,2.0819431469371414,83.87096774193549,7845.0,72.0,0.9262832883056734,2024,2024-06,Tuesday,False,73.60794984655884,2.914350387573655,60.708457259292594,66.96758615360841,Critical
2024-06-12,152.0,266.0,274.0,7548,212.0,103.00751879699249,2.808691043985162,139.4736842105263,7814.0,-31.0,-0.3951561504142766,2024,2024-06,Wednesday,False,73.27647126720646,2.8943176103621773,60.674525570252825,35.84857440890125,Low
2024-06-13,167.0,293.0,230.0,7544,259.0,78.49829351535837,3.433191940615058,155.08982035928142,7837.0,23.0,0.2943434860506783,2024,2024-06,Thursday,False,77.42791287694466,3.001429252903069,59.91287261899973,42.659451784886414,Low
2024-06-16,204.0,315.0,233.0,7307,294.0,73.96825396825398,4.023539072122622,144.11764705882354,7622.0,-215.0,-2.7433967079239503,2024,2024-06,Sunday,True,75.94511685998715,3.20844374114898,57.6100097604064,34.35551885334569,Low
2024-06-17,159.0,310.0,272.0,7318,224.0,87.74193548387098,3.0609456135556163,140.88050314465409,7628.0,6.0,0.07871949619522435,2024,2024-06,Monday,False,76.12209800273122,3.2065019468908367,57.59573927815847,38.82307603152526,Low
2024-06-18,160.0,297.0,253.0,7340,214.0,85.18518518518519,2.915531335149864,133.75,7637.0,9.0,0.11798636601992658,2024,2024-06,Tuesday,False,80.0857749767888,3.024812508813525,62.588174315301586,42.29595020089631,Low
2024-06-19,204.0,321.0,246.0,7433,198.0,76.63551401869158,2.6637965828064036,97.05882352941177,7754.0,117.0,1.532015189210423,2024,2024-06,Wednesday,False,81.23900922924517,2.9982341050245522,62.08034686657485,54.85859024880235,Moderate
2024-06-20,145.0,247.0,243.0,7431,235.0,98.38056680161942,3.1624276678778087,162.06896551724137,7678.0,-76.0,-0.980139282950735,2024,2024-06,Thursday,False,86.20246682428171,3.152589036587505,68.58211207995612,31.987463297790143,Low
2024-06-23,102.0,227.0,201.0,7247,294.0,88.54625550660793,4.0568511108044705,288.2352941176471,7474.0,-204.0,-2.6569419119562383,2024,2024-06,Sunday,True,84.13657206851249,3.3308976175616922,65.02363229727867,26.88329663112348,Low
2024-06-24,116.0,175.0,172.0,7239,202.0,98.28571428571429,2.7904406686006356,174.13793103448276,7414.0,-60.0,-0.8027829810008028,2024,2024-06,Monday,False,86.96334646427762,3.2390760072739178,63.639544855494215,35.25135218667903,Low
2024-06-25,172.0,263.0,191.0,7239,202.0,72.6235741444867,2.7904406686006356,117.44186046511629,7502.0,88.0,1.1869436201780417,2024,2024-06,Tuesday,False,86.77124934659659,3.062919092485062,68.0114858587621,53.9373647813321,Moderate
2024-06-26,132.0,235.0,197.0,7268,187.0,83.82978723404256,2.572922399559714,141.66666666666669,7503.0,1.0,0.013329778725673154,2024,2024-06,Wednesday,False,86.21237102519252,2.993201490485648,66.42162300375003,45.49581787977129,Low
2024-06-27,174.0,208.0,256.0,7248,268.0,123.07692307692308,3.69757174392936,154.02298850574712,7456.0,-47.0,-0.626416100226576,2024,2024-06,Thursday,False,91.62547643829794,3.1049215488827184,63.77325548633892,24.015241075567918,Low
2024-06-30,123.0,230.0,167.0,6874,273.0,72.60869565217392,3.971486761710794,221.95121951219514,7104.0,-352.0,-4.721030042918455,2024,2024-06,Sunday,True,91.05021667165256,3.2917344315833454,62.02997949922628,34.28607440890125,Low
2024-07-01,123.0,233.0,159.0,6825,229.0,68.24034334763948,3.355311355311355,186.1788617886179,7058.0,-46.0,-0.6475225225225225,2024,2024-07,Monday,False,86.74447046394114,3.3192892440738526,62.12456440444978,40.501352186679036,Low
2024-07-02,141.0,232.0,188.0,6823,184.0,81.03448275862068,2.6967609555913823,130.49645390070924,7055.0,-3.0,-0.04250495891187305,2024,2024-07,Tuesday,False,85.67136007137152,3.124990650471982,64.55111426131135,40.59857440890125,Low
2024-07-04,158.0,226.0,191.0,6790,225.0,84.51327433628319,3.313696612665685,142.40506329113924,7016.0,-39.0,-0.5527994330262225,2024,2024-07,Thursday,False,83.70386865002423,3.1997414996241322,65.3016217798633,32.29996329779014,Low
2024-07-07,96.0,160.0,233.0,6599,213.0,145.625,3.227761782088195,221.875,6759.0,-257.0,-3.6630558722919044,2024,2024-07,Sunday,True,94.1326437722404,3.2622159444080694,66.66689775135036,25.272185520012364,Low
2024-07-08,141.0,173.0,129.0,6617,123.0,74.56647398843931,1.8588484207344718,87.2340425531915,6790.0,31.0,0.45864772895398725,2024,2024-07,Monday,False,92.8093133085828,3.160205376004463,58.9002021981752,56.49327770050996,Moderate
2024-07-09,116.0,181.0,182.0,6651,130.0,100.55248618784532,1.9545932942414677,112.06896551724137,6832.0,42.0,0.6185567010309279,2024,2024-07,Tuesday,False,89.59153661014314,2.9112084546204784,56.17376733735898,47.68132823365786,Low
2024-07-10,150.0,157.0,201.0,6649,177.0,128.02547770700636,2.662054444277335,118.0,6806.0,-26.0,-0.3805620608899297,2024,2024-07,Wednesday,False,97.50821976083348,2.7241466949871276,61.53152025511547,32.13329663112348,Low
2024-07-11,80.0,176.0,125.0,6640,197.0,71.02272727272727,2.966867469879518,246.25,6816.0,10.0,0.14692918013517484,2024,2024-07,Thursday,False,97.90570317870315,2.668654711354008,63.489936563923294,46.97325084994591,Low
2024-07-14,116.0,188.0,164.0,6308,237.0,87.2340425531915,3.7571337983513,204.31034482758622,6496.0,-320.0,-4.694835680751173,2024,2024-07,Sunday,True,98.79135457792758,2.820136546033996,58.548414380644076,26.487463297790143,Low
2024-07-15,105.0,185.0,158.0,6283,171.0,85.4054054054054,2.7216297946840684,162.85714285714286,6468.0,-28.0,-0.43103448275862066,2024,2024-07,Monday,False,98.91880187351646,2.7355555720366227,59.746636816368664,36.25829663112347,Low
2024-07-16,136.0,246.0,123.0,6239,173.0,50.0,2.772880269273922,127.20588235294117,6485.0,17.0,0.2628324056895485,2024,2024-07,Tuesday,False,85.25808758780217,2.67057249877744,60.99753574665382,56.87740496059342,Moderate
2024-07-17,128.0,228.0,177.0,6228,187.0,77.63157894736842,3.0025690430314707,146.09375,6456.0,-29.0,-0.4471858134155744,2024,2024-07,Wednesday,False,85.69595972479203,2.8339611591055833,65.14539390397164,36.57774107556792,Low
2024-07-21,90.0,196.0,205.0,6058,262.0,104.59183673469387,4.324859689666557,291.1111111111111,6254.0,-202.0,-3.1288723667905827,2024,2024-07,Sunday,True,86.27300980291326,3.17257064416631,61.434470785021425,18.348574408901253,Low
2024-07-22,102.0,189.0,155.0,6002,234.0,82.01058201058201,3.898700433188937,229.41176470588235,6191.0,-63.0,-1.0073552926127278,2024,2024-07,Monday,False,79.69945327485264,3.349234356867967,61.19529451194211,25.744407742234586,Low
2024-07-23,120.0,257.0,126.0,5965,170.0,49.0272373540856,2.8499580888516345,141.66666666666669,6222.0,31.0,0.5007268615732515,2024,2024-07,Tuesday,False,76.55724042933241,3.332533016721127,60.706684445185026,55.43077770050997,Moderate
2024-07-24,137.0,272.0,166.0,5927,177.0,61.029411764705884,2.986333727011979,129.19708029197082,6199.0,-23.0,-0.36965605914496946,2024,2024-07,Wednesday,False,72.81372174526304,3.22241872081551,61.41454981623598,43.97357440890125,Low
2024-07-25,93.0,198.0,208.0,5954,194.0,105.05050505050507,3.258313738663084,208.6021505376344,6152.0,-47.0,-0.758186804323278,2024,2024-07,Thursday,False,75.62016455170583,3.299087855669655,62.95380289913435,23.591629964456807,Low
2024-07-28,152.0,290.0,199.0,5743,207.0,68.62068965517241,3.604387950548494,136.1842105263158,6033.0,-119.0,-1.934330299089727,2024,2024-07,Sunday,True,78.28026307387333,3.417874667280308,64.64096275569747,33.18190774223459,Low
2024-07-29,114.0,210.0,219.0,5819,163.0,104.28571428571429,2.8011685856676403,142.98245614035088,6029.0,-4.0,-0.06630200563567049,2024,2024-07,Monday,False,82.08799669363702,3.3891031733711894,63.41283737147578,28.147185520012357,Low
2024-07-30,125.0,203.0,208.0,5930,92.0,102.46305418719213,1.551433389544688,73.6,6133.0,104.0,1.7249958533753524,2024,2024-07,Tuesday,False,81.78388490113677,2.992899416210922,57.05282934447209,46.69840441971874,Low
2024-07-31,140.0,261.0,163.0,5963,154.0,62.45210727969349,2.582592654704008,110.00000000000001,6224.0,91.0,1.4837762921897928,2024,2024-07,Wednesday,False,78.9898170824384,2.804884019284504,60.77034798798561,57.52424277545973,Moderate
2024-08-01,227.0,298.0,212.0,6016,169.0,71.14093959731544,2.8091755319148937,74.44933920704845,6314.0,90.0,1.4460154241645244,2024,2024-08,Thursday,False,82.14891740289981,2.799057939722112,60.78108298366543,50.64574157780868,Low
2024-08-04,63.0,167.0,143.0,5943,170.0,85.62874251497006,2.8605081608615177,269.8412698412699,6110.0,-204.0,-3.230915426037377,2024,2024-08,Sunday,True,85.66310751008042,2.781082858843475,60.94216144921308,31.494407742234586,Low
2024-08-05,172.0,259.0,138.0,5950,150.0,53.28185328185329,2.5210084033613445,87.20930232558139,6209.0,99.0,1.620294599018003,2024,2024-08,Monday,False,78.26758582884445,2.675753525228941,62.14268239960257,60.34752163498687,Moderate
2024-08-06,163.0,283.0,200.0,5998,143.0,70.6713780918728,2.3841280426808935,87.73006134969326,6281.0,72.0,1.1596070220647448,2024,2024-08,Tuesday,False,78.56054131980163,2.501430681247855,68.77565498182983,54.835641709163966,Moderate
2024-08-07,135.0,273.0,207.0,6038,174.0,75.82417582417582,2.881748923484597,128.88888888888889,6311.0,30.0,0.47763095048559145,2024,2024-08,Wednesday,False,74.49460725386757,2.512942158078849,68.3160096749046,44.590355045588005,Low
2024-08-08,119.0,230.0,213.0,6084,174.0,92.6086956521739,2.8599605522682445,146.21848739495798,6314.0,3.0,0.04753604816986214,2024,2024-08,Thursday,False,73.08684174886497,2.6998746098965,83.27851029852708,35.69053759078968,Low
2024-08-11,95.0,211.0,140.0,5894,249.0,66.35071090047393,4.224635222259925,262.10526315789474,6105.0,-209.0,-3.3101045296167246,2024,2024-08,Sunday,True,73.64378512326218,2.934452119547345,62.45746081872425,31.418018853345696,Low
2024-08-12,109.0,219.0,155.0,5903,148.0,70.77625570776256,2.5071997289513805,135.7798165137615,6122.0,17.0,0.27846027846027843,2024,2024-08,Monday,False,73.59168742475461,2.8913127191239867,61.65038374999363,49.67601607170453,Low
2024-08-13,162.0,239.0,189.0,5981,123.0,79.07949790794979,2.056512288914897,75.92592592592592,6220.0,98.0,1.6007840574975496,2024,2024-08,Tuesday,False,72.65608105232316,2.7764561659887548,58.88432387259465,52.437741461906974,Low
2024-08-14,109.0,226.0,191.0,5987,178.0,84.51327433628319,2.9731084015366624,163.30275229357798,6213.0,-7.0,-0.11254019292604502,2024,2024-08,Wednesday,False,77.11771263152743,2.8410418800138,59.11718305888556,32.10551885334569,Low
2024-08-15,124.0,241.0,156.0,5895,220.0,64.73029045643153,3.7319762510602206,177.41935483870967,6136.0,-77.0,-1.2393368742958313,2024,2024-08,Thursday,False,76.26898582646439,3.03359162406799,57.81277596278643,35.6055188533457,Low
2024-08-18,86.0,244.0,235.0,5821,178.0,96.31147540983606,3.0578938326747984,206.97674418604652,6065.0,-71.0,-1.1571056062581486,2024,2024-08,Sunday,True,79.19574291013014,3.0587551825237327,57.91584315771233,26.45274107556792,Low
2024-08-19,176.0,254.0,162.0,5865,158.0,63.77952755905512,2.6939471440750213,89.77272727272727,6119.0,54.0,0.8903544929925804,2024,2024-08,Monday,False,75.07729032539888,3.035038981353272,57.57548317531345,53.13329663112347,Moderate
2024-08-20,136.0,274.0,245.0,5995,112.0,89.41605839416059,1.8682235195996666,82.35294117647058,6269.0,150.0,2.4513809445987906,2024,2024-08,Tuesday,False,78.37233996735412,2.6984087381160924,61.204263954715564,50.54687258538093,Low
2024-08-21,134.0,245.0,167.0,6028,156.0,68.16326530612244,2.5879230258792303,116.4179104477612,6273.0,4.0,0.0638060296698038,2024,2024-08,Wednesday,False,77.99905562426268,2.7099406376772137,61.32936686233917,49.35733464688611,Low
2024-08-22,182.0,307.0,205.0,6054,171.0,66.77524429967427,2.8245787908820614,93.95604395604396,6361.0,88.0,1.4028375577873424,2024,2024-08,Thursday,False,76.24130510879475,2.8196644236725232,64.06724258210542,53.048475892443214,Moderate
2024-08-27,149.0,285.0,222.0,6152,97.0,77.89473684210526,1.5767230169050714,65.1006711409396,6437.0,76.0,1.194780694859299,2024,2024-08,Tuesday,False,75.29579975248362,2.620180797296581,58.062350771392396,55.502800958120844,Moderate
2024-08-28,170.0,285.0,178.0,6227,134.0,62.4561403508772,2.1519190621487074,78.82352941176471,6512.0,75.0,1.165139039925431,2024,2024-08,Wednesday,False,74.97092116597584,2.3944583417377934,64.88886778741372,62.950645186215425,High
2024-08-29,145.0,295.0,188.0,6250,169.0,63.72881355932203,2.704,116.55172413793105,6545.0,33.0,0.5067567567567568,2024,2024-08,Thursday,False,70.316255187331,2.3439020799271084,67.47208855690086,55.38579817647968,Moderate
2024-09-02,133.0,270.0,198.0,6192,129.0,73.33333333333333,2.083333333333333,96.99248120300751,6462.0,-83.0,-1.2681436210847976,2024,2024-09,Monday,False,71.68108458365644,2.2566715355354385,68.34953834108477,48.25135218667903,Low
2024-09-03,131.0,263.0,177.0,6272,112.0,67.30038022813687,1.7857142857142856,85.49618320610686,6535.0,73.0,1.129681213246673,2024,2024-09,Tuesday,False,68.5217019885102,2.244884502123241,67.77424102866247,61.41569116056252,High
2024-09-04,121.0,231.0,219.0,6375,114.0,94.8051948051948,1.7882352941176471,94.21487603305785,6606.0,71.0,1.0864575363427698,2024,2024-09,Wednesday,False,72.3276919169491,2.1306433975858723,67.77830009891272,49.70701012208314,Low
2024-09-05,126.0,230.0,175.0,6448,121.0,76.08695652173914,1.8765508684863523,96.03174603174604,6678.0,72.0,1.08991825613079,2024,2024-09,Thursday,False,73.65793652010123,1.9952108372436281,73.12241395641195,56.578697264719516,Moderate
2024-09-08,123.0,255.0,164.0,6312,221.0,64.31372549019608,3.501267427122941,179.67479674796746,6567.0,-111.0,-1.6621743036837375,2024,2024-09,Sunday,True,71.71779204125707,2.270145752989038,61.38361535383811,40.28607440890125,Low
2024-09-09,144.0,275.0,190.0,6353,141.0,69.0909090909091,2.2194238942232016,97.91666666666666,6628.0,61.0,0.9288868585350998,2024,2024-09,Monday,False,72.6656161469759,2.2797893004282517,61.44392411302258,58.41485087312625,Moderate
2024-09-10,131.0,251.0,180.0,6396,148.0,71.71314741035857,2.313946216385241,112.97709923664124,6647.0,19.0,0.2866626433313217,2024,2024-09,Tuesday,False,73.80623526855256,2.224067331340429,62.48906388691648,54.825625869262865,Moderate
2024-09-11,93.0,248.0,175.0,6410,162.0,70.56451612903226,2.527301092043682,174.19354838709677,6658.0,11.0,0.16548819016097488,2024,2024-09,Wednesday,False,73.41068995365241,2.2874912968704786,62.25271480729433,52.47008286972646,Low
2024-09-12,184.0,280.0,210.0,6360,220.0,75.0,3.459119496855346,119.56521739130434,6640.0,-18.0,-0.27035145689396217,2024,2024-09,Thursday,False,74.51063563534714,2.526549184176344,58.877623657585005,34.681907742234586,Low
2024-09-13,81.0,200.0,212.0,6326,279.0,106.0,4.41036990199178,344.44444444444446,6526.0,-114.0,-1.7168674698795179,2024,2024-09,Friday,False,76.10989352031932,2.9011398424440777,52.40697747159984,19.36246329779014,Low
2024-09-15,98.0,220.0,167.0,6234,210.0,75.9090909090909,3.368623676612127,214.28571428571428,6454.0,-72.0,-1.1032791909285933,2024,2024-09,Sunday,True,76.08448414708384,3.11429310074776,55.68784826079265,33.85551885334569,Low
2024-09-16,113.0,209.0,160.0,6229,164.0,76.55502392344498,2.6328463637823085,145.13274336283186,6438.0,-16.0,-0.2479082739386427,2024,2024-09,Monday,False,77.8332410661194,2.9902329488419546,55.77156416530888,41.32774107556792,Low
2024-09-17,159.0,304.0,139.0,6227,160.0,45.723684210526315,2.5694555965954713,100.62893081761007,6531.0,93.0,1.4445479962721341,2024,2024-09,Tuesday,False,74.49506608320758,3.040237477752279,57.274969340073824,63.902816411682885,High
2024-09-18,116.0,213.0,217.0,6245,149.0,101.87793427230048,2.3859087269815853,128.44827586206898,6458.0,-73.0,-1.1177461338233041,2024,2024-09,Wednesday,False,78.80432134919927,3.0505178364089,57.64696425824996,36.17496329779015,Low
2024-09-19,93.0,196.0,169.0,6270,188.0,86.22448979591837,2.9984051036682615,202.1505376344086,6466.0,8.0,0.12387736141220192,2024,2024-09,Thursday,False,81.04146044446873,3.1178184094981254,58.84030530138915,37.042275150672225,Low
2024-09-22,124.0,234.0,161.0,5989,197.0,68.80341880341881,3.2893638336951074,158.8709677419355,6223.0,-243.0,-3.758119393751933,2024,2024-09,Sunday,True,80.15623455924285,3.093567600475235,59.22178100009755,36.79996329779014,Low
2024-09-23,92.0,203.0,173.0,6002,165.0,85.22167487684729,2.749083638787071,179.34782608695653,6205.0,-18.0,-0.28924955809095293,2024,2024-09,Monday,False,77.18790239879245,2.8562409914459903,72.82830396127882,34.11246329779014,Low
2024-09-24,186.0,259.0,172.0,6023,143.0,66.40926640926641,2.374232110244064,76.88172043010752,6282.0,77.0,1.2409347300564062,2024,2024-09,Tuesday,False,75.83078461310323,2.7141850533934098,75.0414283843966,57.6417477978674,Moderate
2024-09-25,154.0,225.0,220.0,6050,169.0,97.77777777777777,2.793388429752066,109.74025974025975,6275.0,-7.0,-0.11142948105698822,2024,2024-09,Wednesday,False,78.86260659229363,2.7371196342462327,75.09834417889286,31.168018853345696,Low
2024-09-26,91.0,199.0,172.0,6090,185.0,86.4321608040201,3.037766830870279,203.2967032967033,6289.0,14.0,0.22310756972111553,2024,2024-09,Thursday,False,84.67810324850703,2.804021239142634,74.66723205022033,36.33178797712873,Low
2024-09-29,81.0,213.0,153.0,5925,177.0,71.83098591549296,2.9873417721518987,218.5185185185185,6138.0,-151.0,-2.4010176498648432,2024,2024-09,Sunday,True,80.38568205467739,2.8899402455955356,77.63805452859287,37.431907742234586,Low
2024-09-30,209.0,285.0,184.0,5967,138.0,64.56140350877193,2.3127199597787835,66.02870813397129,6252.0,114.0,1.857282502443793,2024,2024-09,Monday,False,77.2909554422279,2.7919852250398955,73.85373335748918,60.236888618451545,Moderate
2024-10-01,184.0,314.0,217.0,6040,137.0,69.10828025477707,2.2682119205298013,74.45652173913044,6354.0,102.0,1.6314779270633395,2024,2024-10,Tuesday,False,77.33450707813621,2.6461063803019944,75.5265565040775,58.26427522794005,Moderate
2024-10-02,107.0,215.0,230.0,6091,173.0,106.9767441860465,2.8402561155803645,161.6822429906542,6306.0,-48.0,-0.7554296506137866,2024,2024-10,Wednesday,False,80.44237412230754,2.659131019843894,75.1522675201181,29.331213297790143,Low
2024-10-03,101.0,162.0,178.0,6118,193.0,109.87654320987654,3.154625694671461,191.08910891089107,6280.0,-26.0,-0.41230574056454167,2024,2024-10,Thursday,False,86.65198509382326,2.7706158176192366,74.09695655416324,25.5117688533457,Low
2024-10-07,99.0,190.0,176.0,5968,153.0,92.63157894736842,2.5636729222520107,154.54545454545453,6158.0,-122.0,-1.9426751592356688,2024,2024-10,Monday,False,85.91681383233622,2.7377993165478,73.64989694502229,33.89718552001237,Low
2024-10-08,167.0,239.0,166.0,6013,123.0,69.4560669456067,2.045567936138367,73.65269461077844,6252.0,94.0,1.5264696329977265,2024,2024-10,Tuesday,False,83.49165756684859,2.596056617300384,70.84060431221845,57.98619320815948,Moderate
2024-10-09,115.0,216.0,169.0,6047,137.0,78.24074074074075,2.265586241111295,119.1304347826087,6263.0,11.0,0.17594369801663468,2024,2024-10,Wednesday,False,84.40733682759826,2.492948684294583,72.10187017363683,48.01522175861536,Low
2024-10-10,84.0,158.0,193.0,6075,159.0,122.15189873417722,2.617283950617284,189.28571428571428,6233.0,-30.0,-0.4790036723614881,2024,2024-10,Thursday,False,92.6345504312276,2.5364578258429407,72.44537279531156,29.98746329779014,Low
2024-10-13,130.0,227.0,192.0,5889,210.0,84.58149779735683,3.565970453387672,161.53846153846155,6116.0,-117.0,-1.8771057275790148,2024,2024-10,Sunday,True,94.84501008016757,2.7218519019654934,65.83851832906747,25.6055188533457,Low
2024-10-14,88.0,214.0,160.0,5935,106.0,74.76635514018692,1.7860151642796966,120.45454545454545,6149.0,33.0,0.539568345323741,2024,2024-10,Monday,False,90.24352593075905,2.571246051779684,61.66739269069291,53.00385373203523,Moderate
2024-10-15,113.0,208.0,159.0,6013,107.0,76.4423076923077,1.7794777981041077,94.69026548672566,6221.0,72.0,1.1709221011546593,2024,2024-10,Tuesday,False,85.46720657110636,2.3747963522700615,61.5839522850817,54.168975042497294,Moderate
2024-10-16,174.0,285.0,150.0,6036,129.0,52.63157894736842,2.137176938369781,74.13793103448276,6321.0,100.0,1.6074586079408455,2024,2024-10,Wednesday,False,79.75292085682064,2.3138683545726004,61.610308461461365,65.02464843146345,High
2024-10-17,104.0,230.0,206.0,6076,160.0,89.56521739130436,2.633311389071758,153.84615384615387,6306.0,-15.0,-0.23730422401518747,2024,2024-10,Thursday,False,82.62565663477746,2.397831704991656,61.70859510663436,34.91454663112347,Low
2024-10-20,147.0,276.0,214.0,5918,195.0,77.53623188405797,3.2950321054410274,132.6530612244898,6194.0,-112.0,-1.7760862670472566,2024,2024-10,Sunday,True,82.52501251239421,2.544895399895904,58.797379144123575,31.674963297790143,Low
2024-10-21,108.0,220.0,213.0,5966,154.0,96.81818181818181,2.5812939993295343,142.59259259259258,6186.0,-8.0,-0.12915724895059735,2024,2024-10,Monday,False,78.90591009582343,2.5397539782833682,58.8142469065472,32.827741075567914,Low
2024-10-22,180.0,280.0,146.0,6043,109.0,52.142857142857146,1.8037398643058082,60.55555555555555,6323.0,137.0,2.214678305851924,2024,2024-10,Tuesday,False,74.27181857375204,2.288006751271673,63.47184036993552,67.27926518312472,Critical
2024-10-23,134.0,294.0,186.0,6077,138.0,63.26530612244898,2.2708573309198616,102.98507462686568,6371.0,48.0,0.7591333227898149,2024,2024-10,Wednesday,False,72.62881157121805,2.357269917934554,65.24890123426884,59.86560230258075,Moderate
2024-10-27,202.0,313.0,158.0,5974,192.0,50.47923322683706,3.213927017073987,95.04950495049505,6287.0,-84.0,-1.3184743368388008,2024,2024-10,Sunday,True,68.91980093329367,2.562191234930251,64.56035207178107,44.67496329779014,Low
2024-10-28,110.0,272.0,193.0,6008,156.0,70.95588235294117,2.596537949400799,141.8181818181818,6280.0,-7.0,-0.11134086209638938,2024,2024-10,Monday,False,71.5375585626612,2.627814236506111,65.95701013564135,44.053435520012364,Low
2024-10-29,166.0,277.0,229.0,6106,126.0,82.67148014440433,2.0635440550278417,75.90361445783132,6383.0,103.0,1.6401273885350318,2024,2024-10,Tuesday,False,70.5527389559612,2.546418903071266,64.17127795865309,52.819888734353256,Moderate
2024-10-30,136.0,276.0,178.0,6149,160.0,64.4927536231884,2.6020491136770207,117.64705882352942,6425.0,42.0,0.6579978066739777,2024,2024-10,Wednesday,False,68.68938491869413,2.4474213328192644,68.70854588129328,55.79938378921341,Moderate
2024-10-31,87.0,246.0,173.0,6148,177.0,70.32520325203252,2.8789850357839946,203.44827586206895,6394.0,-31.0,-0.4824902723735408,2024,2024-10,Thursday,False,64.90467369495852,2.48994862374133,67.42780722746265,41.83468552001236,Low
2024-11-03,84.0,171.0,157.0,5990,184.0,91.81286549707602,3.0717863105175294,219.04761904761907,6161.0,-233.0,-3.6440412887081637,2024,2024-11,Sunday,True,70.57181774556122,2.6710981160572906,70.62409853475235,28.17496329779014,Low
2024-11-04,167.0,209.0,157.0,6007,132.0,75.11961722488039,2.1974363242883306,79.04191616766467,6216.0,55.0,0.8927122220418764,2024,2024-11,Monday,False,72.26529076019428,2.6606094008242143,70.00548227308309,52.40075915623551,Low
2024-11-05,109.0,245.0,159.0,6045,126.0,64.89795918367346,2.0843672456575684,115.59633027522935,6290.0,74.0,1.1904761904761905,2024,2024-11,Tuesday,False,74.32510875402805,2.499243719193298,71.58805054121824,60.53734932777005,Moderate
2024-11-06,156.0,256.0,176.0,6086,137.0,68.75,2.2510680249753534,87.82051282051282,6342.0,52.0,0.8267090620031796,2024,2024-11,Wednesday,False,74.00998270360788,2.4498908728468054,71.21600119167566,56.85194521712255,Moderate
2024-11-07,125.0,232.0,192.0,6084,177.0,82.75862068965517,2.9092702169625246,141.6,6316.0,-26.0,-0.4099653106275623,2024,2024-11,Thursday,False,74.02243135292942,2.5707088959803315,71.64562249578877,34.737463297790136,Low
2024-11-11,118.0,139.0,168.0,5963,145.0,120.86330935251799,2.4316619151433843,122.88135593220339,6102.0,-214.0,-3.3882203926535785,2024,2024-11,Monday,False,82.0753678856908,2.5463678676183834,71.49299453245845,30.716629964456803,Low
2024-11-12,142.0,235.0,139.0,5975,138.0,59.148936170212764,2.3096234309623433,97.1830985915493,6210.0,108.0,1.7699115044247788,2024,2024-11,Tuesday,False,80.4787583025737,2.4650304955010047,72.61833725345265,61.89296476587853,High
2024-11-13,148.0,245.0,175.0,5966,151.0,71.42857142857143,2.531009051290647,102.02702702702702,6211.0,1.0,0.016103059581320453,2024,2024-11,Wednesday,False,77.5667162927873,2.387776601325736,78.54881674732881,47.25276232421573,Low
2024-11-14,119.0,219.0,210.0,6025,172.0,95.8904109589041,2.854771784232365,144.53781512605042,6244.0,33.0,0.5313154081468363,2024,2024-11,Thursday,False,80.53397254050499,2.481681667032027,76.47753548534773,37.39968706536857,Low
2024-11-17,105.0,210.0,149.0,5816,195.0,70.95238095238095,3.3528198074277857,185.71428571428572,6026.0,-218.0,-3.4913516976297245,2024,2024-11,Sunday,True,81.39888993603462,2.662889175856343,71.6561223041604,33.904129964456814,Low
2024-11-18,143.0,203.0,163.0,5819,138.0,80.29556650246306,2.371541501976284,96.5034965034965,6022.0,-4.0,-0.06637902422834385,2024,2024-11,Monday,False,83.04825657924364,2.680099672570762,72.63076087887252,39.32774107556792,Low
2024-11-19,119.0,209.0,152.0,5844,146.0,72.72727272727273,2.4982888432580426,122.6890756302521,6053.0,31.0,0.5147791431418134,2024,2024-11,Tuesday,False,81.61520687033187,2.621388047755836,73.14967424235336,48.902999922732185,Low
2024-11-20,155.0,212.0,181.0,5879,148.0,85.37735849056604,2.517434937914611,95.48387096774194,6091.0,38.0,0.627787873781596,2024,2024-11,Wednesday,False,76.54578531862444,2.633641336723154,73.47249627506605,42.761001004481535,Low
2024-11-21,109.0,214.0,173.0,5850,210.0,80.8411214953271,3.5897435897435894,192.6605504587156,6064.0,-27.0,-0.4432769660154326,2024,2024-11,Thursday,False,79.64466893649792,2.816515645120475,67.76881334968853,26.793018853345696,Low
2024-11-24,191.0,283.0,192.0,5664,207.0,67.84452296819788,3.6546610169491527,108.37696335078535,5947.0,-117.0,-1.9294195250659631,2024,2024-11,Sunday,True,79.1326620135874,2.9770373545002617,64.6250193426768,33.07079663112347,Low
2024-11-25,170.0,297.0,196.0,5715,129.0,65.993265993266,2.257217847769029,75.88235294117646,6012.0,65.0,1.0929880612073315,2024,2024-11,Monday,False,74.86164130421052,2.8916725064340705,62.020488923199935,56.18934476896924,Moderate
2024-11-26,152.0,272.0,214.0,5826,112.0,78.67647058823529,1.9224167524888431,73.68421052631578,6098.0,86.0,1.430472388556221,2024,2024-11,Tuesday,False,75.96508268076116,2.6873292128713646,59.92002817608971,51.45468242929996,Low
2024-11-27,239.0,367.0,224.0,5862,211.0,61.03542234332425,3.5994541112248384,88.28451882845188,6229.0,131.0,2.148245326336504,2024,2024-11,Wednesday,False,73.2136335151699,2.8627452999068725,57.788426242359705,48.747884793694936,Low
2024-11-28,113.0,280.0,237.0,5963,143.0,84.64285714285714,2.398121750796579,126.54867256637168,6243.0,14.0,0.22475517739605072,2024,2024-11,Thursday,False,74.91585986025338,2.8484357152695203,57.481090938396136,44.01928797712873,Low
2024-12-01,196.0,306.0,187.0,5986,149.0,61.111111111111114,2.489141329769462,76.0204081632653,6292.0,49.0,0.7848790645522985,2024,2024-12,Sunday,True,71.44925309175983,2.844393771248785,57.40901360088788,57.955967006645025,Moderate
2024-12-02,236.0,330.0,222.0,6061,115.0,67.27272727272727,1.8973766705164163,48.728813559322035,6391.0,99.0,1.5734265734265735,2024,2024-12,Monday,False,69.51091105995985,2.6026270685020454,57.66266491141031,60.958632746097976,High
2024-12-03,81.0,230.0,242.0,6192,107.0,105.21739130434781,1.7280361757105942,132.0987654320988,6422.0,31.0,0.4850571115631357,2024,2024-12,Tuesday,False,74.8498922508384,2.3273949483251086,61.444734593664855,45.618277700509964,Low
2024-12-04,118.0,245.0,160.0,6269,115.0,65.3061224489796,1.8344233530068592,97.45762711864407,6514.0,92.0,1.4325755216443474,2024,2024-12,Wednesday,False,74.75172888736893,2.2669957347876557,60.41930461599949,63.09025846082521,High
2024-12-05,218.0,283.0,208.0,6310,150.0,73.4982332155477,2.3771790808240887,68.80733944954129,6593.0,79.0,1.212772490021492,2024,2024-12,Thursday,False,74.0119806912707,2.3319617816926907,61.066941034735834,55.40229485396384,Moderate
2024-12-08,132.0,243.0,183.0,6286,172.0,75.30864197530865,2.736239261851734,130.3030303030303,6529.0,-64.0,-0.9707265281359018,2024,2024-12,Sunday,True,76.05101206726847,2.208645374639391,72.20325243646136,41.188852186679036,Low
2024-12-09,224.0,315.0,152.0,6268,174.0,48.25396825396825,2.7760051052967456,77.67857142857143,6583.0,54.0,0.8270791851738398,2024,2024-12,Monday,False,70.85259936885576,2.262628710996557,69.50624005579627,59.52912996445681,Moderate
2024-12-10,167.0,326.0,213.0,6310,149.0,65.33742331288343,2.3613312202852614,89.22155688622755,6636.0,53.0,0.8051040559015646,2024,2024-12,Tuesday,False,71.45635825482324,2.2443701239273857,69.91538213183705,59.334627569154684,Moderate
2024-12-11,209.0,353.0,232.0,6402,152.0,65.72237960339945,2.374258044361137,72.72727272727273,6755.0,119.0,1.7932489451476792,2024,2024-12,Wednesday,False,71.23488001634783,2.312496034476631,71.27084734458597,61.8031216195333,High
2024-12-12,153.0,253.0,286.0,6481,194.0,113.04347826086956,2.993365221416448,126.79738562091502,6734.0,-21.0,-0.31088082901554404,2024,2024-12,Thursday,False,72.35289243870808,2.493257326720325,72.44310172774196,29.049963297790143,Low
2024-12-15,180.0,337.0,219.0,6408,224.0,64.98516320474778,3.495630461922597,124.44444444444444,6745.0,11.0,0.16335016335016334,2024,2024-12,Sunday,True,72.30704111810356,2.7305726279940017,70.55847972595528,45.60549953639314,Low
2024-12-16,133.0,287.0,189.0,6454,149.0,65.85365853658537,2.30864580105361,112.03007518796993,6741.0,-4.0,-0.05930318754633062,2024,2024-12,Monday,False,71.21495902110892,2.7207821594553616,70.04696618145799,52.70968552001235,Moderate
2024-12-17,187.0,310.0,247.0,6506,151.0,79.6774193548387,2.320934521979711,80.74866310160428,6816.0,75.0,1.1125945705384956,2024,2024-12,Tuesday,False,71.8390700753275,2.661452910902216,68.81558329118653,53.2596729639932,Moderate
2024-12-18,168.0,285.0,210.0,6598,134.0,73.68421052631578,2.030918460139436,79.76190476190477,6883.0,67.0,0.982981220657277,2024,2024-12,Wednesday,False,75.47196182852001,2.5550119615940288,66.3934584288477,58.01584955957348,Moderate
2024-12-19,269.0,412.0,204.0,6600,238.0,49.51456310679612,3.6060606060606064,88.47583643122677,7012.0,129.0,1.8741827691413626,2024,2024-12,Thursday,False,73.21155322765038,2.7328304452762207,61.34113977787622,55.04992466388502,Moderate
2024-12-22,100.0,255.0,236.0,6595,268.0,92.54901960784314,4.063684609552691,268.0,6850.0,-162.0,-2.3103251568739305,2024,2024-12,Sunday,True,77.04393037114235,2.9741770974464425,56.28955320770217,25.036074408901253,Low
2024-12-23,205.0,294.0,177.0,6548,231.0,60.204081632653065,3.527794746487477,112.68292682926828,6842.0,-8.0,-0.11678832116788322,2024,2024-12,Monday,False,69.49544513853999,3.0505241724565897,55.41707507154405,42.79301885334569,Low
2024-12-24,161.0,304.0,211.0,6622,155.0,69.4078947368421,2.340682573240713,96.27329192546584,6926.0,84.0,1.2277111955568547,2024,2024-12,Tuesday,False,70.12726392883918,2.885531616930606,55.05566720713423,59.489346700664505,Moderate
2024-12-25,57.0,162.0,193.0,6689,107.0,119.1358024691358,1.5996412019733892,187.71929824561403,6851.0,-75.0,-1.0828761189719895,2024,2024-12,Wednesday,False,77.73899877634639,2.784245245633432,51.67469800236352,39.82079663112348,Low
2024-12-26,80.0,122.0,152.0,6707,135.0,124.59016393442623,2.0128224243327866,168.75,6829.0,-22.0,-0.3211210042329587,2024,2024-12,Thursday,False,84.1551051448589,2.740229231683871,50.83050326838625,37.94579663112348,Low
2024-12-29,107.0,170.0,133.0,6465,216.0,78.23529411764706,3.341067285382831,201.86915887850466,6635.0,-194.0,-2.8408258895885194,2024,2024-12,Sunday,True,84.80525994362051,2.9273933495757847,51.72346039251291,33.63329663112348,Low
2024-12-30,99.0,156.0,139.0,6454,177.0,89.1025641025641,2.742485280446235,178.78787878787878,6610.0,-25.0,-0.37678975131876413,2024,2024-12,Monday,False,90.46068865730163,2.804025445916589,53.064544741060395,35.41801885334569,Low
2025-01-01,25.0,66.0,94.0,6405,144.0,142.42424242424244,2.2482435597189694,576.0,6471.0,-139.0,-2.102874432677761,2025,2025-01,Wednesday,False,97.58572048821581,2.5446767245117714,58.801572920377836,34.98051885334569,Low
2025-01-02,35.0,70.0,53.0,6292,170.0,75.71428571428571,2.70184361093452,485.71428571428567,6362.0,-109.0,-1.6844382630196262,2025,2025-01,Thursday,False,99.80146392844907,2.426683705147063,63.95383439222445,40.61246329779014,Low
2025-01-05,43.0,73.0,64.0,5882,185.0,87.67123287671232,3.1451887113226795,430.23255813953483,5955.0,-407.0,-6.397359320968249,2025,2025-01,Sunday,True,102.41051223414482,2.5416131534444872,61.64644500906503,27.272185520012364,Low
2025-01-06,41.0,60.0,71.0,5769,190.0,118.33333333333333,3.2934650719362106,463.4146341463414,5829.0,-126.0,-2.115869017632242,2025,2025-01,Monday,False,102.29587378617303,2.783587992010605,66.01218766442453,20.869407742234586,Low
2025-01-07,65.0,83.0,65.0,5703,133.0,78.3132530120482,2.332105909170612,204.61538461538458,5786.0,-43.0,-0.7376908560645051,2025,2025-01,Tuesday,False,95.68488651154759,2.829199918416008,69.22568492893726,40.1680188533457,Low
2025-01-08,38.0,80.0,82.0,5605,184.0,102.49999999999999,3.2827832292595893,484.2105263157895,5685.0,-101.0,-1.7455928102315936,2025,2025-01,Wednesday,False,99.15127306616944,2.820873624684116,69.74566181353823,22.556907742234582,Low
2025-01-09,56.0,82.0,68.0,5507,164.0,82.92682926829268,2.978027964408934,292.85714285714283,5589.0,-96.0,-1.688654353562005,2025,2025-01,Thursday,False,98.26902523270209,2.854522579535931,69.64672497501373,30.959685520012364,Low
2025-01-12,74.0,103.0,80.0,5092,235.0,77.66990291262135,4.615082482325216,317.5675675675676,5195.0,-394.0,-7.0495616389336195,2025,2025-01,Sunday,True,89.01840530247053,3.1926424256225374,58.29322024626741,22.987463297790146,Low
2025-01-13,68.0,107.0,102.0,5019,181.0,95.32710280373831,3.6062960749153214,266.1764705882353,5126.0,-69.0,-1.3282001924927815,2025,2025-01,Monday,False,91.82023631524945,3.321849920476938,59.05326868092361,21.411074408901253,Low
2025-01-14,92.0,124.0,93.0,4957,139.0,75.0,2.80411539237442,151.08695652173913,5081.0,-45.0,-0.8778774873195474,2025,2025-01,Tuesday,False,90.01006019000484,3.273125160627186,58.160956049164476,36.688852186679036,Low
2025-01-15,113.0,162.0,107.0,4903,164.0,66.0493827160494,3.3448908831327757,145.13274336283186,5065.0,-16.0,-0.3148986419996064,2025,2025-01,Wednesday,False,82.5409243875357,3.2804717050838383,58.143886610940925,35.869407742234586,Low
2025-01-16,106.0,196.0,131.0,4881,159.0,66.83673469387756,3.2575291948371237,150.0,5077.0,12.0,0.23692003948667323,2025,2025-01,Thursday,False,80.9014217706542,3.412675031607626,62.896029212356446,41.275884716427136,Low
2025-01-19,86.0,152.0,168.0,4628,176.0,110.5263157894737,3.8029386343993083,204.6511627906977,4780.0,-297.0,-5.849911364979318,2025,2025-01,Sunday,True,82.04803831200756,3.4869829466275855,62.36582933678193,17.848574408901253,Low
2025-01-20,84.0,118.0,136.0,4638,127.0,115.2542372881356,2.738249245364381,151.19047619047618,4756.0,-24.0,-0.502092050209205,2025,2025-01,Monday,False,86.6662394576994,3.4527288439069355,60.87621232041605,26.813852186679032,Low
2025-01-21,59.0,64.0,117.0,4728,54.0,182.8125,1.1421319796954315,91.52542372881356,4792.0,36.0,0.7569386038687973,2025,2025-01,Tuesday,False,101.68661047018209,2.956593057816966,52.93538569743759,40.29909403492505,Low
2025-01-22,62.0,97.0,52.0,4717,83.0,53.608247422680414,1.7595929616281536,133.8709677419355,4814.0,22.0,0.4590984974958264,2025,2025-01,Wednesday,False,95.7267739871738,2.69277832734737,51.62945309972064,60.166338278473184,Moderate
2025-01-23,91.0,75.0,97.0,4621,174.0,129.33333333333331,3.7654187405323523,191.2087912087912,4696.0,-118.0,-2.451184046530951,2025,2025-01,Thursday,False,103.48867874907856,2.830107377084218,49.444630545805126,16.487463297790146,Low
2025-01-26,29.0,51.0,11.0,4241,182.0,21.568627450980394,4.291440697948597,627.5862068965517,4292.0,-404.0,-8.603066439522998,2025,2025-01,Sunday,True,97.13428513978302,2.9653287792007634,46.386714373452755,40.57774107556792,Low
2025-01-27,33.0,53.0,34.0,4161,127.0,64.15094339622641,3.052150925258351,384.8484848484849,4214.0,-78.0,-1.8173345759552657,2025,2025-01,Monday,False,96.75060066868998,2.935989026403796,46.51753945614477,39.813852186679036,Low
2025-01-28,32.0,49.0,39.0,4096,101.0,79.59183673469387,2.4658203125,315.625,4145.0,-69.0,-1.6373991457047936,2025,2025-01,Tuesday,False,92.33138937515,2.744972123275324,47.81773987428392,37.69579663112347,Low
2025-01-29,32.0,50.0,39.0,4036,99.0,78.0,2.4529236868186324,309.375,4086.0,-59.0,-1.4234016887816647,2025,2025-01,Wednesday,False,87.00935547684492,2.7042113291973595,47.68987128472392,38.47357440890125,Low
2025-01-30,47.0,42.0,47.0,3923,159.0,111.90476190476191,4.053020647463676,338.2978723404255,3965.0,-121.0,-2.9613313754282915,2025,2025-01,Thursday,False,76.87967860609662,3.120052567449966,51.345374598068645,16.02218552001236,Low
2025-02-02,20.0,22.0,41.0,3483,168.0,186.36363636363635,4.823428079242033,840.0,3505.0,-460.0,-11.601513240857503,2025,2025-02,Sunday,True,95.84473416909032,3.557743298537663,52.0371140607073,11.36246329779014,Low
2025-02-03,23.0,45.0,11.0,3403,102.0,24.444444444444443,2.9973552747575667,443.47826086956525,3448.0,-57.0,-1.6262482168330954,2025,2025-02,Monday,False,80.86060718496334,3.448019946284122,51.58821094316784,48.78607440890125,Low
2025-02-04,34.0,54.0,29.0,3359,74.0,53.70370370370371,2.2030366180410836,217.6470588235294,3413.0,-35.0,-1.0150812064965198,2025,2025-02,Tuesday,False,85.45133236392381,3.149676506297335,51.08874555083967,51.50135218667903,Low
2025-02-05,26.0,36.0,36.0,3290,104.0,100.0,3.1610942249240126,400.0,3326.0,-87.0,-2.5490770583064752,2025,2025-02,Wednesday,False,90.57262616446289,3.1652398348210005,51.11393490454439,23.59162996445681,Low
2025-02-06,25.0,32.0,27.0,3181,145.0,84.375,4.558314995284501,580.0,3213.0,-113.0,-3.3974744437763076,2025,2025-02,Thursday,False,91.25593520236376,3.464167646647358,49.36176071373069,19.598574408901253,Low
2025-02-09,15.0,13.0,23.0,2878,99.0,176.9230769230769,3.439888811674774,660.0,2891.0,-322.0,-10.021786492374728,2025,2025-02,Sunday,True,105.38780333423189,3.6051626644839496,51.90098346571685,17.56385218667903,Low
2025-02-10,16.0,18.0,15.0,2834,63.0,83.33333333333334,2.2230063514467187,393.75,2852.0,-39.0,-1.349014181943964,2025,2025-02,Monday,False,101.30617068117068,3.3437320507672412,49.22363360789333,38.32079663112348,Low
2025-02-11,11.0,22.0,12.0,2799,50.0,54.54545454545454,1.7863522686673812,454.54545454545456,2821.0,-31.0,-1.0869565217391304,2025,2025-02,Tuesday,False,82.47500185000185,2.9098640778280056,51.54369420744729,52.765241075567914,Moderate
2025-02-12,16.0,20.0,20.0,2752,66.0,100.0,2.3982558139534884,412.5,2772.0,-49.0,-1.7369727047146404,2025,2025-02,Wednesday,False,93.26865264365264,2.8242784405702794,51.074848163248504,31.834685520012364,Low
2025-02-13,15.0,10.0,23.0,2703,72.0,229.99999999999997,2.6637069922308543,480.0,2713.0,-59.0,-2.1284271284271283,2025,2025-02,Thursday,False,118.45383782883782,2.890088494025961,51.99351237609345,25.32079663112348,Low
2025-02-17,8.0,17.0,14.0,2532,15.0,82.35294117647058,0.5924170616113744,187.5,2549.0,-164.0,-6.044968669369701,2025,2025-02,Monday,False,115.93282942547648,2.523134613552727,44.440036100670255,44.32079663112348,Low
2025-02-18,18.0,19.0,11.0,2536,9.0,57.89473684210527,0.3548895899053628,50.0,2555.0,6.0,0.23538642604943116,2025,2025-02,Tuesday,False,112.14993468863437,1.9226452699271361,47.35806608983166,63.01057603152527,High
2025-02-19,12.0,17.0,17.0,2528,19.0,100.0,0.7515822784810127,158.33333333333331,2545.0,-10.0,-0.3913894324853229,2025,2025-02,Wednesday,False,101.16092369962338,1.5386014794708847,51.20042885527161,37.400657742234586,Low
2025-02-20,13.0,25.0,15.0,2520,32.0,60.0,1.2698412698412698,246.15384615384616,2545.0,0.0,0.0,2025,2025-02,Thursday,False,97.82759036629004,1.4024350392415348,52.467129217911555,52.62982440890125,Low
2025-02-23,7.0,16.0,8.0,2423,35.0,50.0,1.4444903012794057,500.0,2439.0,-106.0,-4.165029469548133,2025,2025-02,Sunday,True,97.1782397169394,1.353597615328967,52.884887694088874,53.21662996445681,Moderate
2025-02-24,20.0,22.0,14.0,2413,24.0,63.63636363636363,0.9946125155408205,120.0,2435.0,-4.0,-0.16400164001640016,2025,2025-02,Monday,False,91.9834345221342,1.1530771441271572,56.632907696399954,50.23051885334569,Low
2025-02-25,11.0,7.0,7.0,2413,23.0,100.0,0.9531703273932863,209.0909090909091,2420.0,-15.0,-0.6160164271047228,2025,2025-02,Tuesday,False,73.41200595070563,0.908714763436076,72.55761795162722,34.75829663112348,Low
2025-02-26,12.0,21.0,1.0,2411,23.0,4.761904761904762,0.953961012028204,191.66666666666669,2432.0,12.0,0.49586776859504134,2025,2025-02,Wednesday,False,62.32757217719624,0.9603638992099087,73.98802298540726,66.30366249420491,Critical
2025-02-27,10.0,15.0,17.0,2391,37.0,113.33333333333333,1.547469677959013,370.0,2406.0,-26.0,-1.069078947368421,2025,2025-02,Thursday,False,70.2473716759431,1.1307324832175731,77.3151990966177,32.13329663112348,Low
2025-03-02,12.0,24.0,4.0,2297,31.0,16.666666666666664,1.349586417065738,258.33333333333337,2321.0,-85.0,-3.5328345802161265,2025,2025-03,Sunday,True,58.34260977118119,1.216161645872534,80.11621002164891,58.25482440890125,Moderate
2025-03-03,8.0,29.0,18.0,2287,25.0,62.06896551724138,1.0931351114997814,312.5,2316.0,-5.0,-0.2154243860404998,2025,2025-03,Monday,False,58.63817627364425,1.190917908966607,79.94947534271904,49.1055188533457,Low
2025-03-04,4.0,25.0,10.0,2272,30.0,40.0,1.3204225352112675,750.0,2297.0,-19.0,-0.8203799654576858,2025,2025-03,Tuesday,False,57.20960484507282,1.1731939423854443,81.05808515233024,53.36940774223458,Moderate
2025-03-05,5.0,20.0,4.0,2238,40.0,20.0,1.7873100983020553,800.0,2258.0,-39.0,-1.697866782760122,2025,2025-03,Wednesday,False,50.975838611306585,1.2864364542084779,76.23405422286746,55.570796631123464,Moderate
2025-03-06,7.0,27.0,6.0,2218,33.0,22.22222222222222,1.4878268710550047,471.42857142857144,2245.0,-13.0,-0.5757307351638619,2025,2025-03,Thursday,False,39.86472750019548,1.3628159604458663,78.09991580235906,55.445796631123464,Moderate
2025-03-09,12.0,25.0,15.0,2137,30.0,60.0,1.4038371548900328,250.0,2162.0,-83.0,-3.6971046770601332,2025,2025-03,Sunday,True,47.75588396278051,1.427083980854699,82.30347474788147,47.26524107556792,Low
2025-03-10,6.0,28.0,8.0,2125,23.0,28.57142857142857,1.0823529411764705,383.33333333333337,2153.0,-9.0,-0.4162812210915819,2025,2025-03,Monday,False,35.647040425365546,1.3606387327429073,80.52762612707733,53.855518853345686,Moderate
2025-03-11,3.0,11.0,7.0,2116,20.0,63.63636363636363,0.945179584120983,666.6666666666667,2127.0,-26.0,-1.207617278216442,2025,2025-03,Tuesday,False,42.35699713532226,1.3028663280365136,77.59989949050649,46.13329663112348,Low
2025-03-12,6.0,18.0,2.0,2113,8.0,11.11111111111111,0.37860861334595364,133.33333333333331,2131.0,4.0,0.18805829807240243,2025,2025-03,Wednesday,False,35.07730364873222,1.2007911140145382,68.77070116636801,65.46844575799722,High
2025-03-13,4.0,20.0,9.0,2116,6.0,45.0,0.28355387523629494,150.0,2136.0,5.0,0.2346316283435007,2025,2025-03,Thursday,False,35.791589363017934,1.0526670197323993,63.92573743166087,61.36793965384021,High
2025-03-16,1.0,9.0,8.0,2117,5.0,88.88888888888889,0.23618327822390173,500.0,2126.0,-10.0,-0.46816479400749067,2025,2025-03,Sunday,True,45.632859204287776,0.8310774740069488,65.30222965791164,39.869407742234586,Low
2025-03-17,5.0,14.0,0.0,2111,8.0,0.0,0.37896731406916156,160.0,2125.0,-1.0,-0.047036688617121354,2025,2025-03,Monday,False,42.4582560296846,0.6726689658661141,68.3093935169874,61.83468552001234,High
2025-03-18,19.0,34.0,6.0,2109,8.0,17.647058823529413,0.3793266951161688,42.10526315789473,2143.0,18.0,0.8470588235294116,2025,2025-03,Tuesday,False,36.40783586161737,0.526310328755562,74.63684513116841,66.65184090557872,Critical
2025-03-19,6.0,22.0,14.0,2119,9.0,63.63636363636363,0.4247286455875413,150.0,2141.0,-2.0,-0.09332711152589827,2025,2025-03,Wednesday,False,41.41711229946524,0.43236400081428644,80.95137548147451,50.827741075567914,Low
2025-03-20,9.0,20.0,11.0,2124,7.0,55.00000000000001,0.3295668549905838,77.77777777777779,2144.0,3.0,0.14012143858010276,2025,2025-03,Thursday,False,40.183346065699006,0.3444193252242294,93.86057786663476,57.6315098130119,Moderate
2025-03-23,15.0,29.0,9.0,2136,2.0,31.03448275862069,0.09363295880149813,13.333333333333334,2165.0,21.0,0.9794776119402986,2025,2025-03,Sunday,True,43.02954201534323,0.30370851743216437,89.89622616753134,67.40584917323443,Critical
2025-03-24,7.0,13.0,11.0,2139,7.0,84.61538461538461,0.3272557269752221,100.0,2152.0,-13.0,-0.6004618937644343,2025,2025-03,Monday,False,48.688882674683896,0.3099516391091539,89.90369415049935,40.77912996445681,Low
2025-03-25,12.0,19.0,7.0,2145,6.0,36.84210526315789,0.27972027972027974,50.0,2164.0,12.0,0.5576208178438662,2025,2025-03,Tuesday,False,41.25362787100803,0.3161712107514937,90.19717203694276,64.19255138309379,High
2025-03-26,9.0,21.0,15.0,2159,2.0,71.42857142857143,0.09263547938860583,22.22222222222222,2180.0,16.0,0.7393715341959335,2025,2025-03,Wednesday,False,51.45770950366109,0.2752666629399857,88.30777420452861,55.40500888579817,Moderate
2025-03-27,1.0,19.0,13.0,2159,2.0,68.42105263157895,0.09263547938860583,200.0,2178.0,-2.0,-0.09174311926605505,2025,2025-03,Thursday,False,58.71113719052532,0.23431077497890523,87.79439495461588,51.47357440890124,Low
2025-03-30,9.0,20.0,5.0,2188,2.0,25.0,0.09140767824497258,22.22222222222222,2208.0,30.0,1.3774104683195594,2025,2025-03,Sunday,True,53.191656671044804,0.18669349392996687,89.40520125517837,69.57299393447691,Critical
2025-03-31,9.0,25.0,8.0,2193,5.0,32.0,0.22799817601459188,55.55555555555556,2218.0,10.0,0.4528985507246377,2025,2025-03,Monday,False,49.90594238533051,0.1721836826476823,90.63372154903652,65.92116751661258,High
2025-04-01,17.0,36.0,7.0,2191,12.0,19.444444444444446,0.5476951163852123,70.58823529411765,2227.0,9.0,0.40577096483318303,2025,2025-04,Tuesday,False,48.25022262616248,0.23704970515964144,85.612114559272,64.29247797867407,High
2025-04-02,5.0,31.0,16.0,2208,3.0,51.61290322580645,0.1358695652173913,60.0,2239.0,12.0,0.5388414907947913,2025,2025-04,Wednesday,False,43.535582427651306,0.20970882490852277,85.72664008092224,62.99810693864936,High
2025-04-03,12.0,26.0,18.0,2223,8.0,69.23076923076923,0.3598740440845704,66.66666666666666,2249.0,10.0,0.4466279589102278,2025,2025-04,Thursday,False,48.162534423024354,0.22115936267485004,85.1301846048109,53.976723072168134,Moderate
2025-04-06,7.0,14.0,7.0,2234,11.0,50.0,0.4923903312444047,157.14285714285714,2248.0,-1.0,-0.044464206313917294,2025,2025-04,Sunday,True,45.101309933228436,0.27826719865424987,84.01259047576292,54.69579663112347,Moderate
2025-04-07,12.0,22.0,9.0,2237,5.0,40.909090909090914,0.22351363433169422,41.66666666666667,2259.0,11.0,0.4893238434163701,2025,2025-04,Monday,False,41.171029687158715,0.29696407793183394,85.11945424312819,65.21661064750424,High
2025-04-08,12.0,34.0,12.0,2243,9.0,35.294117647058826,0.4012483281319661,75.0,2277.0,18.0,0.796812749003984,2025,2025-04,Tuesday,False,42.64161792245284,0.34122702791569015,86.81983631139175,64.8323964611343,High
2025-04-09,6.0,19.0,10.0,2251,5.0,52.63157894736842,0.2221235006663705,83.33333333333334,2270.0,-7.0,-0.30742204655248134,2025,2025-04,Wednesday,False,45.58898634350546,0.34038778858022994,86.76374026536,57.556907742234586,Moderate
2025-04-10,18.0,25.0,17.0,2265,6.0,68.0,0.26490066225165565,33.33333333333333,2290.0,20.0,0.881057268722467,2025,2025-04,Thursday,False,52.5254942800134,0.2999885808468647,89.03850531690173,57.94389874053469,Moderate
2025-04-11,8.0,22.0,8.0,2267,9.0,36.36363636363637,0.3970004411116012,112.5,2289.0,-1.0,-0.043668122270742356,2025,2025-04,Friday,False,50.34702758541768,0.3372929916888947,90.66071713102025,59.00829663112348,Moderate
2025-04-13,5.0,26.0,10.0,2283,3.0,38.46153846153847,0.1314060446780552,60.0,2309.0,20.0,0.873743993010048,2025,2025-04,Sunday,True,45.95142318981328,0.3046547060593925,88.66326085975113,68.02375985164579,Critical
2025-04-14,5.0,26.0,9.0,2282,13.0,34.61538461538461,0.5696757230499562,260.0,2308.0,-1.0,-0.043308791684711995,2025,2025-04,Monday,False,43.753620992011086,0.3156954763173284,87.07357350387153,57.671491075567914,Moderate
2025-04-15,4.0,19.0,12.0,2286,7.0,63.1578947368421,0.30621172353455817,175.0,2305.0,-3.0,-0.12998266897746968,2025,2025-04,Tuesday,False,46.93202153883268,0.32750948906059474,87.48223645510654,54.727046631123464,Moderate
2025-04-16,11.0,30.0,5.0,2291,8.0,16.666666666666664,0.3491924923614142,72.72727272727273,2321.0,16.0,0.6941431670281996,2025,2025-04,Wednesday,False,44.27095711306237,0.32007294109337303,87.72421224865307,69.72098110802041,Critical
2025-04-17,7.0,26.0,10.0,2288,14.0,38.46153846153847,0.6118881118881119,200.0,2314.0,-7.0,-0.3015941404566997,2025,2025-04,Thursday,False,42.24666561508667,0.37575359983933604,85.54369033202767,56.862463297790136,Moderate
2025-04-20,4.0,15.0,6.0,2305,4.0,40.0,0.1735357917570499,100.0,2320.0,6.0,0.25929127052722556,2025,2025-04,Sunday,True,38.24666561508667,0.3627014754829638,84.60172802068026,65.84390936485859,High
2025-04-21,10.0,25.0,5.0,2308,6.0,20.0,0.25996533795493937,60.0,2333.0,13.0,0.5603448275862069,2025,2025-04,Monday,False,35.90900327742433,0.3431250321748692,84.38468364810187,70.11633634677793,Critical
2025-04-22,7.0,19.0,14.0,2305,17.0,73.68421052631578,0.737527114967462,242.85714285714283,2324.0,-9.0,-0.3857693956279469,2025,2025-04,Tuesday,False,40.94081357239252,0.42971375650192734,82.66894041715236,44.126352186679036,Low
2025-04-23,3.0,23.0,4.0,2300,11.0,17.391304347826086,0.47826086956521735,366.66666666666663,2323.0,-1.0,-0.04302925989672978,2025,2025-04,Wednesday,False,38.48023067702701,0.4166544917183933,83.18172964978534,62.383296631123464,High
2025-04-24,3.0,9.0,7.0,2294,13.0,77.77777777777779,0.5666957279860506,433.3333333333333,2303.0,-20.0,-0.8609556607834696,2025,2025-04,Thursday,False,40.56878539716068,0.4538664923543208,83.16401671843089,42.793018853345686,Low
2025-04-27,9.0,40.0,12.0,2301,4.0,30.0,0.1738374619730552,44.44444444444444,2341.0,38.0,1.6500217108119843,2025,2025-04,Sunday,True,42.473547301922586,0.42881577372741236,81.50466185009769,70.76794544892597,Critical
2025-04-28,6.0,26.0,12.0,2307,8.0,46.15384615384615,0.3467706978760295,133.33333333333331,2333.0,-8.0,-0.34173430158052115,2025,2025-04,Monday,False,43.57244840082369,0.390941857439972,82.44217128920685,59.16107440890125,Moderate
2025-04-29,11.0,25.0,11.0,2304,15.0,44.0,0.6510416666666667,136.36363636363635,2329.0,-4.0,-0.17145306472353192,2025,2025-04,Tuesday,False,44.14387697225226,0.45915698242706016,82.77129194473801,56.04996329779014,Moderate
2025-04-30,7.0,34.0,9.0,2309,12.0,26.47058823529412,0.5197055002165439,171.42857142857142,2343.0,14.0,0.6011163589523401,2025,2025-04,Wednesday,False,45.068246720151414,0.49626271989300363,84.10493239800094,65.8908157549065,High
2025-05-01,13.0,32.0,14.0,2306,16.0,43.75,0.6938421509106678,123.07692307692308,2338.0,-5.0,-0.21340162185232608,2025,2025-05,Thursday,False,40.79193093067774,0.49002201074203305,84.7304174397568,55.8902410755679,Moderate
2025-05-04,9.0,31.0,10.0,2335,5.0,32.25806451612903,0.21413276231263384,55.55555555555556,2366.0,28.0,1.1976047904191618,2025,2025-05,Sunday,True,42.91575381186387,0.45228942399166394,82.74614836585395,69.9895302117138,Critical
2025-05-05,15.0,44.0,20.0,2331,17.0,45.45454545454545,0.7293007293007293,113.33333333333333,2375.0,9.0,0.3803888419273035,2025,2025-05,Monday,False,38.298149194259246,0.4755187098937609,81.22107743777617,60.2160890897852,Moderate
2025-05-06,10.0,33.0,16.0,2339,16.0,48.484848484848484,0.6840530141085934,160.0,2372.0,-3.0,-0.12631578947368421,2025,2025-05,Tuesday,False,40.938841834951894,0.5484066459131235,83.44890693413696,55.22010218667902,Moderate
2025-05-07,10.0,30.0,15.0,2335,10.0,50.0,0.4282655246252677,100.0,2365.0,-7.0,-0.2951096121416526,2025,2025-05,Wednesday,False,41.48829238440244,0.5600487640201576,84.27634565392623,57.362463297790136,Moderate
2025-05-08,15.0,24.0,16.0,2361,11.0,66.66666666666666,0.46590427784836935,73.33333333333333,2385.0,20.0,0.8456659619450317,2025,2025-05,Thursday,False,44.726387622497676,0.5336005656175435,84.41411048827658,57.739037629423585,Moderate
2025-05-11,15.0,20.0,12.0,2385,3.0,60.0,0.12578616352201258,20.0,2405.0,20.0,0.8385744234800839,2025,2025-05,Sunday,True,49.516303588884234,0.47732637466118194,80.57997769755502,64.79806540720136,High
2025-05-12,7.0,33.0,14.0,2392,7.0,42.42424242424242,0.2926421404682274,100.0,2425.0,20.0,0.8316008316008316,2025,2025-05,Monday,False,49.3269096494903,0.4200120874551191,81.41323288643379,67.79459318497914,Critical
2025-05-13,18.0,29.0,12.0,2394,11.0,41.37931034482759,0.4594820384294068,61.111111111111114,2423.0,-2.0,-0.08247422680412371,2025,2025-05,Tuesday,False,50.62994476787579,0.45506198404322945,82.67987526960933,59.54996329779013,Moderate
2025-05-14,7.0,30.0,14.0,2394,11.0,46.666666666666664,0.4594820384294068,157.14285714285714,2424.0,1.0,0.04127115146512588,2025,2025-05,Wednesday,False,50.803104941035976,0.41651645677589766,85.3168263326357,62.16248454643796,High
2025-05-15,15.0,31.0,14.0,2410,14.0,45.16129032258064,0.5809128630705395,93.33333333333333,2441.0,17.0,0.7013201320132013,2025,2025-05,Thursday,False,50.32831091785484,0.40178214948474716,87.09858930090766,63.63087718281564,High
2025-05-18,13.0,28.0,14.0,2437,9.0,50.0,0.3693065244152647,69.23076923076923,2465.0,24.0,0.9832036050798854,2025,2025-05,Sunday,True,50.32831091785484,0.3933594351690325,87.10470721008564,65.54145418018852,High
2025-05-19,7.0,27.0,17.0,2457,6.0,62.96296296296296,0.2442002442002442,85.71428571428571,2484.0,19.0,0.7707910750507099,2025,2025-05,Monday,False,49.799210388754325,0.36168743036215745,86.68892924742492,63.80132031370731,High
2025-05-21,14.0,62.0,13.0,2467,18.0,20.967741935483872,0.7296311309282529,128.57142857142858,2529.0,45.0,1.8115942028985508,2025,2025-05,Wednesday,False,44.22317352239487,0.44795099713447745,85.6249995566685,68.7751941353732,Critical
2025-05-22,18.0,36.0,17.0,2473,15.0,47.22222222222222,0.606550748079256,83.33333333333334,2509.0,-20.0,-0.7908264136022143,2025,2025-05,Thursday,False,44.90859920782056,0.492795083936053,86.11197948058755,57.76871329779013,Moderate
2025-05-27,6.0,24.0,7.0,2504,11.0,29.166666666666668,0.43929712460063897,183.33333333333331,2528.0,19.0,0.7572738142686329,2025,2025-05,Tuesday,False,43.16393582522615,0.4899115248176576,86.04729503058013,69.13812586926285,Critical
2025-05-28,12.0,39.0,12.0,2499,14.0,30.76923076923077,0.5602240896358543,116.66666666666667,2538.0,10.0,0.39556962025316456,2025,2025-05,Wednesday,False,40.89287355416388,0.5043032464185787,85.95008118694908,66.28227862772368,Critical
2025-05-29,13.0,38.0,15.0,2506,11.0,39.473684210526315,0.4389465283320032,84.61538461538461,2544.0,6.0,0.2364066193853428,2025,2025-05,Thursday,False,40.08035839529897,0.48402234145593065,86.1202062154601,65.80224269819193,High
2025-06-01,8.0,24.0,16.0,2528,12.0,66.66666666666666,0.4746835443037975,150.0,2552.0,8.0,0.3144654088050315,2025,2025-06,Sunday,True,42.46131077625135,0.4990762014400067,86.70011197663811,58.07005292845001,Moderate
2025-06-02,10.0,19.0,5.0,2518,16.0,26.31578947368421,0.6354249404289118,160.0,2537.0,-15.0,-0.5877742946708464,2025,2025-06,Monday,False,37.22600027778295,0.5549654437583877,90.06827819394924,61.56732440890125,High
2025-06-03,5.0,23.0,11.0,2519,15.0,47.82608695652174,0.5954743946010321,300.0,2542.0,5.0,0.1970831690973591,2025,2025-06,Tuesday,False,41.0629067093598,0.535800195711642,92.32045925617889,62.21516187606243,High
2025-06-04,4.0,16.0,9.0,2516,16.0,56.25,0.6359300476947536,400.0,2532.0,-10.0,-0.3933910306845004,2025,2025-06,Wednesday,False,42.35258924904234,0.539997238513856,91.91576359597794,55.41107440890125,Moderate
2025-06-05,8.0,26.0,5.0,2503,21.0,19.230769230769234,0.8389932081502196,262.5,2529.0,-3.0,-0.11848341232227488,2025,2025-06,Thursday,False,40.93317532962842,0.5970966790209389,88.42311633865067,61.10899107556791,High
2025-06-08,10.0,16.0,15.0,2507,13.0,93.75,0.5185480654168328,130.0,2523.0,-6.0,-0.2372479240806643,2025,2025-06,Sunday,True,49.93042807688117,0.5911429612753645,88.19911197586242,40.81385218667902,Low
2025-06-09,8.0,21.0,14.0,2516,9.0,66.66666666666666,0.3577106518282989,112.5,2537.0,14.0,0.5548949663099485,2025,2025-06,Monday,False,53.815139856329786,0.5795378360605495,86.83982666040083,60.10609353268428,Moderate
2025-06-10,17.0,28.0,7.0,2511,12.0,25.0,0.4778972520908005,70.58823529411765,2539.0,2.0,0.07883326763894363,2025,2025-06,Tuesday,False,47.86275890394883,0.5799969371729785,86.86744879668178,67.12790720135992,Critical
2025-06-17,7.0,24.0,10.0,2523,14.0,41.66666666666667,0.5548949663099485,200.0,2547.0,8.0,0.31508467900748327,2025,2025-06,Tuesday,False,50.05574136008919,0.5684926551559837,87.00866579703431,64.50060848400557,High
2025-06-19,8.0,19.0,7.0,2501,18.0,36.84210526315789,0.7197121151539384,225.0,2520.0,-27.0,-1.0600706713780919,2025,2025-06,Thursday,False,48.48660111818007,0.586240900949256,86.20315773183798,58.570796631123464,Moderate
2025-06-22,7.0,13.0,5.0,2508,7.0,38.46153846153847,0.27910685805422647,100.0,2521.0,1.0,0.03968253968253968,2025,2025-06,Sunday,True,45.94539232697127,0.5352661595720379,83.70537855082613,66.93331787977128,Critical
2025-06-23,3.0,15.0,5.0,2495,17.0,33.33333333333333,0.6813627254509018,566.6666666666667,2510.0,-11.0,-0.43633478778262597,2025,2025-06,Monday,False,47.960044341623295,0.512747519186421,86.23347093502493,59.50829663112347,Moderate
2025-06-24,5.0,20.0,5.0,2489,16.0,25.0,0.6428284451586983,320.0,2509.0,-1.0,-0.0398406374501992,2025,2025-06,Tuesday,False,38.13861577019471,0.5305018591495446,85.68023356699179,61.22704663112347,High
2025-06-25,6.0,12.0,2.0,2470,24.0,16.666666666666664,0.9716599190283401,400.0,2482.0,-27.0,-1.0761259465922677,2025,2025-06,Wednesday,False,30.995758627337576,0.6182088973209792,82.2740798593676,60.522185520012364,Moderate
2025-06-26,3.0,9.0,7.0,2447,35.0,77.77777777777779,1.4303228442991418,1166.6666666666665,2456.0,-26.0,-1.04754230459307,2025,2025-06,Thursday,False,38.53544116702012,0.7542696962078851,73.39043829969495,41.64024107556792,Low
2025-06-29,5.0,17.0,7.0,2413,20.0,41.17647058823529,0.8288437629506838,400.0,2430.0,-26.0,-1.0586319218241043,2025,2025-06,Sunday,True,38.465413155815625,0.793405238585133,73.95891545868717,56.27218552001235,Moderate
2025-06-30,9.0,22.0,8.0,2407,16.0,36.36363636363637,0.6647278770253428,177.77777777777777,2429.0,-1.0,-0.0411522633744856,2025,2025-06,Monday,False,38.39706045588399,0.7855503474239051,73.82120662908252,58.2791299644568,Moderate
2025-07-01,7.0,14.0,6.0,2391,22.0,42.857142857142854,0.9201171058134672,314.2857142857143,2405.0,-24.0,-0.9880609304240429,2025,2025-07,Tuesday,False,39.02500394097033,0.8771232399609394,78.36214985278299,55.20621329779013,Moderate
2025-07-02,8.0,20.0,9.0,2373,38.0,45.0,1.6013485040033713,475.0,2393.0,-12.0,-0.498960498960499,2025,2025-07,Wednesday,False,40.69167060763699,1.0085497797541494,72.97658436325345,53.72357440890124,Moderate
2025-07-06,4.0,17.0,2.0,2332,8.0,11.76470588235294,0.34305317324185247,200.0,2349.0,-44.0,-1.8386961972419558,2025,2025-07,Sunday,True,38.80091430511599,0.9657247409088857,69.83902974981399,65.32079663112349,High
2025-07-07,3.0,18.0,8.0,2317,20.0,44.44444444444444,0.8631851532153647,666.6666666666667,2335.0,-14.0,-0.5959982971477225,2025,2025-07,Monday,False,42.76916827336995,0.9502283457927463,69.75648379699476,54.418018853345686,Moderate
2025-07-08,5.0,16.0,8.0,2306,20.0,50.0,0.8673026886383347,400.0,2322.0,-13.0,-0.556745182012848,2025,2025-07,Tuesday,False,38.80091430511599,0.8697968949840595,72.54996968611108,52.59857440890124,Low
2025-07-09,2.0,18.0,0.0,2281,32.0,0.0,1.4028934677772906,1600.0,2299.0,-23.0,-0.9905254091300603,2025,2025-07,Wednesday,False,32.91856136393951,0.9518039956735748,70.07321469930754,58.70274107556791,Moderate
2025-07-10,2.0,12.0,3.0,2252,39.0,25.0,1.7317939609236235,1950.0,2264.0,-35.0,-1.5224010439321443,2025,2025-07,Thursday,False,31.295184740562892,1.1042420076590436,66.98383198970599,54.93190774223458,Moderate
2025-07-13,1.0,13.0,4.0,2204,10.0,30.76923076923077,0.4537205081669692,1000.0,2217.0,-47.0,-2.075971731448763,2025,2025-07,Sunday,True,29.568340156575452,1.0376139222809724,64.51052231060599,58.5777410755679,Moderate
2025-07-14,2.0,9.0,1.0,2181,26.0,11.11111111111111,1.192113709307657,1300.0,2190.0,-27.0,-1.2178619756427604,2025,2025-07,Monday,False,24.72707031530561,0.9791518087530131,66.6812079969435,57.30690774223458,Moderate
2025-07-15,0.0,8.0,5.0,2171,17.0,62.5,0.7830492860432979,,2179.0,-11.0,-0.502283105022831,2025,2025-07,Tuesday,False,31.974969474969477,1.0420083962960767,69.97929109140618,48.07079663112347,Low
2025-07-16,1.0,9.0,0.0,2164,11.0,0.0,0.5083179297597042,1100.0,2173.0,-6.0,-0.27535566773749426,2025,2025-07,Wednesday,False,25.625763125763125,0.991313078659554,67.91548773809593,61.140241075567914,High
2025-07-17,3.0,16.0,2.0,2153,17.0,12.5,0.7895959126799814,566.6666666666667,2169.0,-4.0,-0.18407731247123793,2025,2025-07,Thursday,False,20.26862026862027,0.9802121106655034,67.71804063352322,57.75482440890124,Moderate
2025-07-21,4.0,18.0,7.0,2121,16.0,38.88888888888889,0.7543611504007544,400.0,2139.0,-30.0,-1.3831258644536653,2025,2025-07,Monday,False,25.824175824175825,0.8875646367545696,69.31550324323612,52.91801885334569,Moderate
2025-07-22,5.0,13.0,3.0,2117,16.0,23.076923076923077,0.7557864903164856,320.0,2130.0,-9.0,-0.42075736325385693,2025,2025-07,Tuesday,False,25.549450549450547,0.748134998096407,80.6735479980022,55.52218552001236,Moderate
2025-07-23,6.0,21.0,5.0,2111,14.0,23.809523809523807,0.6631927996210327,233.33333333333334,2132.0,2.0,0.09389671361502347,2025,2025-07,Wednesday,False,24.55520669806384,0.7780596111612733,82.80819208174029,60.06540720135991,Moderate
2025-07-24,6.0,18.0,7.0,2096,29.0,38.88888888888889,1.383587786259542,483.3333333333333,2114.0,-18.0,-0.8442776735459663,2025,2025-07,Thursday,False,28.52346066631781,0.8054130507258284,78.52781129187765,51.084685520012364,Low
2025-07-27,1.0,12.0,2.0,2088,4.0,16.666666666666664,0.19157088122605362,400.0,2100.0,-14.0,-0.6622516556291391,2025,2025-07,Sunday,True,21.97584161869876,0.7209161357519364,73.56297778481675,62.84162996445679,High
2025-07-28,2.0,9.0,3.0,2080,14.0,33.33333333333333,0.6730769230769231,700.0,2089.0,-11.0,-0.5238095238095238,2025,2025-07,Monday,False,26.73774638060352,0.7444531347972533,74.16409031843726,54.34857440890124,Moderate
2025-07-29,2.0,8.0,3.0,2072,12.0,37.5,0.5791505791505791,600.0,2080.0,-9.0,-0.430828147438966,2025,2025-07,Tuesday,False,30.309174952032095,0.7143895157216243,73.91704733025527,54.32079663112347,Moderate
2025-07-30,4.0,15.0,4.0,2063,16.0,26.666666666666668,0.7755695588948134,400.0,2078.0,-2.0,-0.09615384615384616,2025,2025-07,Wednesday,False,28.563143206000348,0.7174192883636328,73.89022415765469,54.24440774223458,Moderate
2025-07-31,2.0,9.0,6.0,2058,15.0,66.66666666666666,0.7288629737609329,750.0,2067.0,-11.0,-0.5293551491819056,2025,2025-07,Thursday,False,34.790249433106574,0.7135730717128396,73.9088387909422,44.84857440890126,Low
2025-08-03,5.0,26.0,3.0,2049,5.0,11.538461538461538,0.2440214738897023,100.0,2075.0,8.0,0.3870343492985002,2025,2025-08,Sunday,True,33.037240537240535,0.653691453751221,71.63675052634011,67.36171959511668,Critical
2025-08-04,5.0,22.0,11.0,2040,14.0,50.0,0.6862745098039216,280.0,2062.0,-13.0,-0.6265060240963854,2025,2025-08,Monday,False,34.624542124542124,0.554075271400418,80.7855910335043,50.53607440890126,Low
2025-08-05,2.0,21.0,10.0,2042,14.0,47.61904761904761,0.6856023506366308,700.0,2063.0,1.0,0.04849660523763337,2025,2025-08,Tuesday,False,39.04631083202512,0.624651195601929,84.87820426309487,54.9194289908824,Moderate
2025-08-06,4.0,17.0,3.0,2036,13.0,17.647058823529413,0.6385068762278978,325.0,2053.0,-10.0,-0.4847309743092583,2025,2025-08,Wednesday,False,36.8054144734817,0.6197126174806397,84.95682467873762,57.077741075567914,Moderate
2025-08-07,4.0,18.0,6.0,2031,17.0,33.33333333333333,0.8370260955194485,425.0,2049.0,-4.0,-0.1948368241597662,2025,2025-08,Thursday,False,36.2101763782436,0.6565519769619067,83.800919922486,52.570796631123464,Low
2025-08-10,0.0,18.0,8.0,2006,12.0,44.44444444444444,0.5982053838484547,,2024.0,-25.0,-1.2201073694485114,2025,2025-08,Sunday,True,38.74985891792614,0.6312142376695699,84.27353665582596,52.563852186679014,Low
2025-08-11,6.0,23.0,4.0,1999,16.0,17.391304347826086,0.80040020010005,266.66666666666663,2022.0,-2.0,-0.09881422924901186,2025,2025-08,Monday,False,31.710521443806062,0.6414338414323009,83.70741596350578,55.36246329779014,Moderate
2025-08-12,8.0,38.0,9.0,1999,9.0,23.684210526315788,0.4502251125562781,112.5,2037.0,15.0,0.741839762611276,2025,2025-08,Tuesday,False,33.44562844207095,0.6708915040989545,88.57365805529692,63.3458217431618,High
2025-08-13,6.0,22.0,12.0,1997,17.0,54.54545454545454,0.8512769153730596,283.33333333333337,2019.0,-18.0,-0.8836524300441826,2025,2025-08,Wednesday,False,34.0949790914216,0.694463276323117,87.2440209104287,47.32774107556792,Low
2025-08-14,3.0,27.0,4.0,1994,11.0,14.814814814814813,0.551654964894684,366.66666666666663,2021.0,2.0,0.09905894006934125,2025,2025-08,Thursday,False,29.408660119388347,0.675327935502839,86.5051354360039,61.808462756915475,High
2025-08-17,4.0,14.0,2.0,1991,3.0,14.285714285714285,0.15067805123053743,75.0,2005.0,-16.0,-0.7916872835230084,2025,2025-08,Sunday,True,28.928468042557615,0.605638103360359,79.76932880025463,62.3103799644568,High
2025-08-18,4.0,20.0,6.0,1985,14.0,30.0,0.7052896725440806,350.0,2005.0,0.0,0.0,2025,2025-08,Monday,False,28.452277566367137,0.5868186143638778,80.77614804983422,53.41454663112347,Moderate
2025-08-19,5.0,35.0,3.0,1980,11.0,8.571428571428571,0.5555555555555556,220.00000000000003,2015.0,10.0,0.4987531172069825,2025,2025-08,Tuesday,False,23.327561013079155,0.5807257817506065,80.76272524352582,63.33783418327925,High
2025-08-20,10.0,38.0,10.0,1983,10.0,26.31578947368421,0.5042864346949066,100.0,2021.0,6.0,0.2977667493796526,2025,2025-08,Wednesday,False,24.602487459630314,0.5384238152641574,82.09312653031866,60.55918714263638,Moderate
2025-08-21,6.0,49.0,8.0,1972,21.0,16.3265306122449,1.0649087221095335,350.0,2021.0,0.0,0.0,2025,2025-08,Thursday,False,23.55139032904876,0.6262357594860511,77.5832374800048,54.813852186679036,Moderate
2025-08-24,4.0,21.0,5.0,1981,5.0,23.809523809523807,0.2523977788995457,125.0,2002.0,-19.0,-0.9401286491835725,2025,2025-08,Sunday,True,19.160543081058652,0.5406815971326919,76.94303940877023,59.695796631123464,Moderate
2025-08-25,8.0,30.0,8.0,1980,11.0,26.666666666666668,0.5555555555555556,137.5,2010.0,8.0,0.3996003996003996,2025,2025-08,Monday,False,20.85366477418035,0.5412388243699593,76.94141544411949,59.96241403956112,Moderate
2025-08-26,10.0,21.0,20.0,1989,15.0,95.23809523809523,0.7541478129713424,150.0,2010.0,0.0,0.0,2025,2025-08,Tuesday,False,32.41829062452048,0.6274487903329314,79.90117403653929,31.706213297790143,Low
2025-08-27,5.0,19.0,9.0,1988,19.0,47.368421052631575,0.9557344064386318,380.0,2007.0,-3.0,-0.1492537313432836,2025,2025-08,Wednesday,False,34.89949363203928,0.6632266094607244,78.08864498002342,49.091629964456814,Low
2025-08-28,8.0,33.0,6.0,1984,17.0,18.181818181818183,0.8568548387096774,212.5,2017.0,10.0,0.4982561036372696,2025,2025-08,Thursday,False,36.27240643352351,0.7062693641970276,77.85675539405597,59.37255640550146,Moderate
2025-09-01,10.0,29.0,17.0,2010,5.0,58.620689655172406,0.24875621890547264,50.0,2039.0,22.0,1.0907288051561725,2025,2025-09,Monday,False,40.8873921737361,0.66976504765568,75.31527726777936,59.777449389584305,Moderate
2025-09-02,6.0,35.0,9.0,2020,9.0,25.71428571428571,0.4455445544554455,150.0,2055.0,16.0,0.784698381559588,2025,2025-09,Tuesday,False,42.22850004545622,0.5812844522765245,77.88293148089022,63.34598110802041,High
2025-09-03,4.0,29.0,11.0,2019,10.0,37.93103448275862,0.49529470034670625,250.0,2048.0,-7.0,-0.34063260340632606,2025,2025-09,Wednesday,False,44.245858713061196,0.6159840124832616,80.00721954750648,54.72357440890124,Moderate
2025-09-04,11.0,40.0,2.0,2015,14.0,5.0,0.6947890818858561,127.27272727272727,2055.0,7.0,0.341796875,2025,2025-09,Thursday,False,41.1506206178231,0.6358745162447332,80.01172000980138,62.02122450162262,High
2025-09-07,4.0,19.0,9.0,2026,7.0,47.368421052631575,0.3455083909180652,175.0,2045.0,-10.0,-0.48661800486618007,2025,2025-09,Sunday,True,34.312095734185434,0.5774974559514078,79.05984337316917,55.04301885334569,Moderate
2025-09-08,7.0,25.0,5.0,2025,6.0,20.0,0.2962962962962963,85.71428571428571,2050.0,5.0,0.24449877750611246,2025,2025-09,Monday,False,30.402321298095213,0.4832920116453599,81.85560980815971,64.48599520939577,High
2025-09-09,18.0,42.0,11.0,2023,14.0,26.190476190476193,0.6920415224913495,77.77777777777779,2065.0,15.0,0.7317073170731708,2025,2025-09,Tuesday,False,31.54641529933207,0.45974725218559875,84.72734059876777,60.561099520939564,Moderate
2025-09-10,10.0,47.0,14.0,2025,18.0,29.78723404255319,0.8888888888888888,180.0,2072.0,7.0,0.3389830508474576,2025,2025-09,Wednesday,False,27.427350211815035,0.5511947764689439,82.33841465372696,57.48303005717818,Moderate
2025-09-11,12.0,38.0,29.0,2047,6.0,76.31578947368422,0.29311187103077674,50.0,2085.0,13.0,0.6274131274131274,2025,2025-09,Thursday,False,34.65613646315769,0.5294186788368485,81.04544722150258,49.706614124555706,Low
2025-09-14,7.0,39.0,13.0,2083,5.0,33.33333333333333,0.2400384061449832,71.42857142857143,2122.0,37.0,1.7745803357314147,2025,2025-09,Sunday,True,33.99932201323979,0.492953493950888,79.44905807066989,66.35816527584608,Critical
2025-09-15,9.0,47.0,10.0,2086,10.0,21.27659574468085,0.4793863854266539,111.11111111111111,2133.0,11.0,0.5183788878416589,2025,2025-09,Monday,False,36.324549976765624,0.462181680171002,80.45097922643683,63.77911064750423,High
2025-09-16,7.0,28.0,17.0,2095,12.0,60.71428571428571,0.5727923627684964,171.42857142857142,2123.0,-10.0,-0.46882325363338023,2025,2025-09,Tuesday,False,38.23110207128764,0.4946508190067779,80.64706299004918,49.67496329779014,Low
2025-09-17,7.0,38.0,5.0,2096,13.0,13.157894736842104,0.6202290076335878,185.71428571428572,2134.0,11.0,0.5181347150259068,2025,2025-09,Wednesday,False,37.253658462265086,0.5409269206263909,81.5539364881165,63.7721662030598,High
2025-09-18,20.0,52.0,11.0,2096,14.0,21.153846153846153,0.6679389312977099,70.0,2148.0,14.0,0.6560449859418931,2025,2025-09,Thursday,False,36.53413988560364,0.5374836933130138,81.72151249883719,62.61651019935095,High
2025-09-21,8.0,35.0,13.0,2134,5.0,37.142857142857146,0.23430178069353325,62.5,2169.0,21.0,0.9776536312849162,2025,2025-09,Sunday,True,37.58494318564708,0.4439712492851059,84.32308976240788,65.82598806212332,High
2025-09-22,17.0,40.0,14.0,2141,10.0,35.0,0.4670714619336758,58.82352941176471,2181.0,12.0,0.5532503457814661,2025,2025-09,Monday,False,31.682687546549328,0.4688226194140914,85.20734802704541,62.36269027198269,High
2025-09-23,11.0,36.0,10.0,2145,15.0,27.77777777777778,0.6993006993006993,136.36363636363635,2181.0,0.0,0.0,2025,2025-09,Tuesday,False,30.889036752898534,0.5344315184363365,86.28916008088497,56.01176885334568,Moderate
2025-09-24,3.0,38.0,12.0,2138,17.0,31.57894736842105,0.7951356407857811,566.6666666666667,2176.0,-5.0,-0.22925263640531865,2025,2025-09,Wednesday,False,32.3608012705757,0.5795385549162119,84.49045101514328,54.41801885334569,Moderate
2025-09-25,6.0,35.0,12.0,2132,18.0,34.285714285714285,0.8442776735459663,300.0,2167.0,-9.0,-0.4136029411764706,2025,2025-09,Thursday,False,28.585291066494076,0.6183221707415648,82.72378522998439,53.53607440890124,Moderate
2025-09-28,11.0,29.0,12.0,2146,9.0,41.37931034482759,0.4193849021435228,81.81818181818183,2175.0,8.0,0.36917397323488693,2025,2025-09,Sunday,True,32.61692186763486,0.5896301556715554,81.83818758764863,61.20199737289445,High
2025-09-29,8.0,35.0,12.0,2148,13.0,34.285714285714285,0.6052141527001862,162.5,2183.0,8.0,0.367816091954023,2025,2025-09,Monday,False,34.49290302933031,0.5806694730147663,82.00165918241927,60.42421959511668,Moderate
2025-09-30,8.0,32.0,12.0,2159,7.0,37.5,0.3242241778601204,87.5,2191.0,8.0,0.3664681630783326,2025,2025-09,Tuesday,False,34.54392343749357,0.5935155297528503,83.51762241119121,63.30616403956112,High
2025-10-01,4.0,33.0,12.0,2163,14.0,36.36363636363637,0.6472491909385114,350.0,2196.0,5.0,0.22820629849383844,2025,2025-10,Wednesday,False,34.738728632298766,0.6192552053249697,84.05380937694802,59.277661876062425,Moderate
2025-10-02,20.0,51.0,15.0,2164,16.0,29.411764705882355,0.7393715341959335,80.0,2215.0,19.0,0.8652094717668488,2025,2025-10,Thursday,False,34.972155336313705,0.6249796103100032,83.81484098065195,61.72840364704064,High
2025-10-05,8.0,28.0,13.0,2180,16.0,46.42857142857143,0.7339449541284404,200.0,2208.0,-7.0,-0.3160270880361174,2025,2025-10,Sunday,True,37.09353020204947,0.6162380836446688,84.3633454899969,52.90760218667903,Moderate
2025-10-06,5.0,33.0,15.0,2187,10.0,45.45454545454545,0.4572473708276178,200.0,2220.0,12.0,0.5434782608695652,2025,2025-10,Monday,False,38.689077511882495,0.5609480403991903,86.03803107295207,61.31060693864936,High
2025-10-07,11.0,45.0,4.0,2189,10.0,8.88888888888889,0.45682960255824573,90.9090909090909,2234.0,14.0,0.6306306306306306,2025,2025-10,Tuesday,False,34.04758873246268,0.5662972833155794,86.40236894145805,67.6720657549065,Critical
2025-10-08,8.0,49.0,15.0,2192,17.0,30.612244897959183,0.7755474452554745,212.5,2241.0,7.0,0.3133393017009848,2025,2025-10,Wednesday,False,33.52280739135481,0.5906306108234778,85.00417224513423,59.844141168289276,Moderate
2025-10-09,11.0,55.0,13.0,2192,12.0,23.636363636363637,0.5474452554744526,109.09090909090908,2247.0,6.0,0.2677376171352075,2025,2025-10,Thursday,False,31.54228791083533,0.6225193361969537,88.05064312562601,63.30571492041415,High
2025-10-13,8.0,24.0,7.0,2223,6.0,29.166666666666668,0.2699055330634278,75.0,2247.0,0.0,0.0,2025,2025-10,Monday,False,30.514149382696807,0.568613099357656,84.11798865038635,61.51871329779014,High
2025-10-14,7.0,30.0,16.0,2235,8.0,53.333333333333336,0.3579418344519016,114.28571428571428,2265.0,18.0,0.801068090787717,2025,2025-10,Tuesday,False,33.931516329475514,0.5141231422513658,84.29314265468517,61.40184090557873,High
2025-10-15,8.0,29.0,10.0,2225,15.0,34.48275862068966,0.6741573033707865,187.5,2254.0,-11.0,-0.4856512141280353,2025,2025-10,Wednesday,False,32.22497164263526,0.5055820492859866,85.0597401118413,55.86940774223458,Moderate
2025-10-16,9.0,33.0,15.0,2233,9.0,45.45454545454545,0.40304523063143755,100.0,2266.0,12.0,0.5323868677905945,2025,2025-10,Thursday,False,32.22497164263526,0.497838886400818,84.79698529158676,62.41477360531602,High
2025-10-19,9.0,34.0,17.0,2237,7.0,50.0,0.31291908806437196,77.77777777777779,2271.0,5.0,0.22065313327449249,2025,2025-10,Sunday,True,38.097987515651134,0.47728024147312176,83.8549804390296,61.159606320506875,High
2025-10-20,10.0,39.0,6.0,2243,7.0,15.384615384615385,0.3120820329915292,70.0,2282.0,11.0,0.48436811977102595,2025,2025-10,Monday,False,35.922611870887735,0.4110708968639867,87.16649100585475,68.8971662030598,Critical
2025-10-21,13.0,39.0,17.0,2251,9.0,43.58974358974359,0.3998223011994669,69.23076923076923,2290.0,8.0,0.35056967572305,2025,2025-10,Tuesday,False,38.77309472137058,0.38998190339613165,88.14775355863968,62.48324737289445,High
2025-10-22,12.0,42.0,13.0,2261,12.0,30.952380952380953,0.5307386112339673,100.0,2303.0,13.0,0.5676855895196506,2025,2025-10,Wednesday,False,39.02819676218691,0.4272437717062087,88.35865137457486,63.935780791222385,High
2025-10-23,4.0,27.0,26.0,2266,18.0,96.29629629629629,0.7943512797881729,450.0,2293.0,-10.0,-0.43421623968736434,2025,2025-10,Thursday,False,45.16576289975304,0.4895879781828189,84.33834248811092,34.27912996445681,Low
2025-10-26,4.0,35.0,12.0,2276,10.0,34.285714285714285,0.4393673110720563,250.0,2311.0,18.0,0.7849978194505015,2025,2025-10,Sunday,True,45.137613709042284,0.4560465507115717,85.68413450143368,65.31850757224541,High
2025-10-27,2.0,31.0,8.0,2282,11.0,25.806451612903224,0.48203330411919365,550.0,2313.0,2.0,0.08654262224145391,2025,2025-10,Monday,False,42.33074316023624,0.4673305612098226,85.79556020618028,63.97165720135991,High
2025-10-28,6.0,22.0,11.0,2286,6.0,50.0,0.26246719160104987,100.0,2308.0,-5.0,-0.21616947686986598,2025,2025-10,Tuesday,False,42.330743160236246,0.460123147429348,85.15908616422242,58.56732440890124,Moderate
2025-10-29,6.0,25.0,4.0,2280,17.0,16.0,0.7456140350877193,283.33333333333337,2305.0,-3.0,-0.12998266897746968,2025,2025-10,Wednesday,False,42.41865524814834,0.5220562905859466,84.08438058519114,59.51871329779013,Moderate
2025-10-30,3.0,17.0,14.0,2287,12.0,82.35294117647058,0.524704853519895,400.0,2304.0,-1.0,-0.04338394793926247,2025,2025-10,Thursday,False,47.95625490339505,0.5398966552031507,84.63325977608869,41.73746329779014,Low
2025-11-02,5.0,21.0,10.0,2277,7.0,47.61904761904761,0.30742204655248134,140.0,2298.0,-6.0,-0.26041666666666663,2025,2025-11,Sunday,True,50.33720728434742,0.5079942888200812,83.19995561291105,58.480518853345686,Moderate
2025-11-03,3.0,28.0,5.0,2269,12.0,17.857142857142858,0.5288673424416042,400.0,2297.0,-1.0,-0.04351610095735422,2025,2025-11,Monday,False,39.131613935896944,0.4700680120562856,86.22992943323487,60.93190774223457,High
2025-11-04,6.0,33.0,6.0,2270,8.0,18.181818181818183,0.3524229074889868,133.33333333333331,2303.0,6.0,0.26121027427078797,2025,2025-11,Tuesday,False,36.831057349626064,0.45764738297299,85.78223217055528,67.22585380930303,Critical
2025-11-05,8.0,41.0,8.0,2272,7.0,19.51219512195122,0.30809859154929575,87.5,2313.0,10.0,0.43421623968736434,2025,2025-11,Wednesday,False,35.93187785091864,0.432799566891576,85.15749861937387,68.57741751661258,Critical
2025-11-06,6.0,33.0,9.0,2264,19.0,27.27272727272727,0.8392226148409895,316.66666666666663,2297.0,-16.0,-0.6917423259835711,2025,2025-11,Thursday,False,32.68512460416539,0.515193198782996,82.47476100564438,56.30690774223458,Moderate
2025-11-09,11.0,33.0,5.0,2294,4.0,15.151515151515152,0.17436791630340018,36.36363636363637,2327.0,30.0,1.30605137135394,2025,2025-11,Sunday,True,32.56391248295326,0.43358661038523605,82.04464750547892,72.93063282336578,Critical
2025-11-11,11.0,39.0,12.0,2294,14.0,30.76923076923077,0.6102877070619006,127.27272727272727,2333.0,6.0,0.25784271594327457,2025,2025-11,Tuesday,False,25.194810996204723,0.44581273231980834,81.49792147005475,62.76057603152526,High
2025-11-12,14.0,48.0,20.0,2302,7.0,41.66666666666667,0.3040834057341442,50.0,2350.0,17.0,0.7286755250750108,2025,2025-11,Wednesday,False,24.344470860150302,0.4453357836314744,81.47518290933805,66.55101607170452,Critical
2025-11-13,6.0,26.0,16.0,2317,5.0,61.53846153846154,0.21579628830384118,83.33333333333334,2343.0,-7.0,-0.2978723404255319,2025,2025-11,Thursday,False,30.584659243195826,0.4006113473260798,80.72936609411086,56.977046631123464,Moderate
2025-11-16,5.0,22.0,3.0,2340,5.0,13.636363636363635,0.2136752136752137,100.0,2362.0,19.0,0.810926163038839,2025,2025-11,Sunday,True,29.93530859384518,0.3807902482098265,80.069373855958,72.82562586926286,Critical
2025-11-17,1.0,35.0,6.0,2343,8.0,17.142857142857142,0.34144259496372176,800.0,2378.0,16.0,0.6773920406435224,2025,2025-11,Monday,False,29.596831739688884,0.38555367726903017,80.15327437826863,70.56473110802042,Critical
2025-11-18,2.0,38.0,8.0,2345,12.0,21.052631578947366,0.511727078891258,600.0,2383.0,5.0,0.21026072329688814,2025,2025-11,Tuesday,False,28.70824664057747,0.3387686007047828,85.86315821669825,66.03460632050688,High
2025-11-19,7.0,32.0,3.0,2340,10.0,9.375,0.4273504273504274,142.85714285714286,2372.0,-11.0,-0.46160302140159465,2025,2025-11,Wednesday,False,27.88303019036102,0.3749089594257867,86.98505342567289,64.67843552001237,High
2025-11-20,18.0,57.0,8.0,2340,9.0,14.035087719298245,0.38461538461538464,50.0,2397.0,25.0,1.0539629005059024,2025,2025-11,Thursday,False,25.492438326084944,0.34267005621914154,90.14331140583018,71.27762324215732,Critical
2025-11-23,3.0,46.0,22.0,2375,1.0,47.82608695652174,0.042105263157894736,33.33333333333333,2421.0,24.0,1.0012515644555695,2025,2025-11,Sunday,True,26.372355510349955,0.30524460727967734,86.31657143858567,68.29145418018851,Critical
2025-11-24,9.0,40.0,9.0,2371,13.0,22.5,0.5482918599746942,144.44444444444443,2411.0,-10.0,-0.41305245766212306,2025,2025-11,Monday,False,20.795432433426875,0.3527439746612278,85.02700571126627,61.584685520012364,High
2025-11-25,6.0,47.0,14.0,2375,11.0,29.78723404255319,0.46315789473684216,183.33333333333331,2422.0,11.0,0.45624222314392365,2025,2025-11,Tuesday,False,23.1026996343111,0.38838435767003177,85.5918826106997,66.3971662030598,Critical
2025-11-27,4.0,24.0,8.0,2389,7.0,33.33333333333333,0.2930096274591879,175.0,2413.0,-9.0,-0.37159372419488024,2025,2025-11,Thursday,False,25.415624804379124,0.3814653623122413,85.35695238497853,62.89024107556791,High
2025-11-30,4.0,18.0,10.0,2415,0.0,55.55555555555556,0.0,0.0,2433.0,20.0,0.8288437629506838,2025,2025-11,Sunday,True,30.344613943894583,0.3083614938992044,82.56049510117928,66.05848207386802,High
2025-12-01,4.0,26.0,4.0,2410,9.0,15.384615384615385,0.37344398340248963,225.0,2436.0,3.0,0.12330456226880394,2025,2025-12,Monday,False,31.203130427411065,0.30066057333521334,82.84217893751362,69.14539870190079,Critical
2025-12-02,7.0,34.0,6.0,2407,8.0,17.647058823529413,0.3323639385126714,114.28571428571428,2441.0,5.0,0.20525451559934318,2025,2025-12,Tuesday,False,31.719126299444092,0.2931960810348257,83.02133245612372,69.56585632050687,Critical
2025-12-03,4.0,32.0,8.0,2419,7.0,25.0,0.28937577511368334,175.0,2451.0,10.0,0.40966816878328555,2025,2025-12,Wednesday,False,28.458256734226698,0.3285204398856526,85.26534351869122,69.6920008499459,Critical
2025-12-04,16.0,39.0,7.0,2418,13.0,17.94871794871795,0.5376344086021506,81.25,2457.0,6.0,0.24479804161566704,2025,2025-12,Thursday,False,27.808073584043548,0.32699794683243216,85.4275102480136,67.37863158708082,Critical
2025-12-07,4.0,24.0,13.0,2429,12.0,54.166666666666664,0.49403046521202143,300.0,2453.0,-4.0,-0.1628001628001628,2025,2025-12,Sunday,True,31.290849673202615,0.33140831404317206,85.10411577601748,56.25135218667903,Moderate
2025-12-08,9.0,27.0,9.0,2440,4.0,33.33333333333333,0.16393442622950818,44.44444444444444,2467.0,14.0,0.5707297187117816,2025,2025-12,Monday,False,31.290849673202615,0.3129689995817892,84.30325826575147,70.1998435326843,Critical
2025-12-09,4.0,30.0,7.0,2443,8.0,23.333333333333332,0.3274662300450266,200.0,2473.0,6.0,0.24321037697608433,2025,2025-12,Tuesday,False,26.68767507002801,0.3597498895882216,88.8259173161868,69.06613158708082,Critical
2025-12-10,10.0,54.0,5.0,2439,9.0,9.25925925925926,0.36900369003690037,90.0,2493.0,20.0,0.8087343307723414,2025,2025-12,Wednesday,False,25.812624194977136,0.359115561964566,88.83139212446645,72.78070429609025,Critical
2025-12-11,7.0,47.0,9.0,2437,10.0,19.148936170212767,0.4103405826836274,142.85714285714286,2484.0,-9.0,-0.36101083032490977,2025,2025-12,Thursday,False,26.027178101646182,0.37025508256041684,88.77719332443459,64.72010218667901,High
2025-12-14,8.0,35.0,4.0,2462,8.0,11.428571428571429,0.3249390739236393,100.0,2497.0,13.0,0.5233494363929146,2025,2025-12,Sunday,True,24.088402591442104,0.375335553818982,89.02345499630191,72.4705030134446,Critical
2025-12-15,11.0,42.0,9.0,2470,7.0,21.428571428571427,0.2834008097165992,63.63636363636363,2512.0,15.0,0.6007208650380457,2025,2025-12,Monday,False,24.585524517135458,0.33901646826390325,90.63262355288651,71.80762729871735,Critical
2025-12-16,8.0,54.0,15.0,2468,9.0,27.77777777777778,0.3646677471636953,112.5,2522.0,10.0,0.3980891719745223,2025,2025-12,Tuesday,False,20.815683247294185,0.3205360799712852,92.59866120671794,68.75797307216813,Critical
2025-12-17,7.0,31.0,11.0,2481,10.0,35.483870967741936,0.4030632809351068,142.85714285714286,2512.0,-10.0,-0.3965107057890563,2025,2025-12,Wednesday,False,21.122902909352565,0.35469734492922783,95.64327668539153,61.99787996445679,High
2025-12-18,11.0,50.0,6.0,2472,16.0,12.0,0.6472491909385114,145.45454545454547,2522.0,10.0,0.3980891719745223,2025,2025-12,Thursday,False,19.503855290304944,0.40038062505686856,89.49406092955972,68.4246397388348,Critical
2025-12-21,6.0,18.0,11.0,2484,14.0,61.111111111111114,0.5636070853462157,233.33333333333334,2502.0,-20.0,-0.7930214115781126,2025,2025-12,Sunday,True,26.91126269771235,0.4281811101010565,88.41890096635652,54.48746329779014,Moderate
